recommendation_id,session_id,user_id,recipe_id,饮品名称,推荐排名,双塔相似度,规则综合分,状态匹配分,风味偏好分,场景适配分,健康约束分,视觉适配分,制作可行性分,新颖度分,baseline_rank_score,mlp_rank_score,最终排序分,候选来源,是否通过规则过滤,过滤原因,推荐理由,推荐标签依据
REC001,S001,U001,R015,桃桃乌龙,1,0.2822,0.4522,0.263,0.2,0.5556,1.0,0.0,0.7,0.8836,0.4136,0.5759,0.5759,主候选,True,,该饮品与用户当前的【疲惫、睡眠不足、低落】较匹配，同时兼顾【咖啡因敏感】与【冷饮】，适合作为当前场景下的个性化饮品推荐。,疲惫、低落、想提神、清爽、茶香
REC002,S001,U001,R019,荔枝白茶,2,0.2695,0.4522,0.263,0.2,0.5556,1.0,0.0,0.7,0.7807,0.4021,0.5664,0.5664,主候选,True,,该饮品与用户当前的【疲惫、睡眠不足、低落】较匹配，同时兼顾【咖啡因敏感】与【冷饮】，适合作为当前场景下的个性化饮品推荐。,疲惫、低落、想提神、清爽、茶香
REC003,S001,U001,R003,葡萄柠檬茉莉花茶,3,0.1587,0.4402,0.2609,0.1429,0.5556,1.0,0.0,0.7,0.6147,0.3342,0.5258,0.5258,主候选,True,,该饮品与用户当前的【疲惫、睡眠不足、低落】较匹配，同时兼顾【咖啡因敏感】与【冷饮】，适合作为当前场景下的个性化饮品推荐。,疲惫、低落、想提神、清爽、茶香
REC004,S002,U002,R078,百合玫瑰茶,1,0.2099,0.4592,0.225,0.25,0.6111,1.0,0.0,1.0,0.8212,0.4067,0.57,0.57,主候选,True,,该饮品与用户当前的【困倦、低落、想安抚】较匹配，同时兼顾【乳糖不耐】与【热饮】，适合作为当前场景下的个性化饮品推荐。,低落、想安抚、温热
REC005,S002,U002,R067,杏仁奶热可可,2,0.1563,0.4797,0.2213,0.4,0.5556,1.0,0.0,1.0,0.7963,0.3858,0.5599,0.5599,主候选,True,,该饮品与用户当前的【困倦、低落、想安抚】较匹配，同时兼顾【乳糖不耐】与【热饮】，适合作为当前场景下的个性化饮品推荐。,低落、想安抚、奶香、温热
REC006,S002,U002,R066,燕麦奶热可可,3,0.2,0.4797,0.2213,0.4,0.5556,1.0,0.0,1.0,0.5645,0.3961,0.5555,0.5555,主候选,True,,该饮品与用户当前的【困倦、低落、想安抚】较匹配，同时兼顾【乳糖不耐】与【热饮】，适合作为当前场景下的个性化饮品推荐。,低落、想安抚、奶香、温热
REC007,S003,U003,R015,桃桃乌龙,1,0.1533,0.4143,0.0311,0.4,0.5,1.0,0.0,0.7,0.803,0.3318,0.5341,0.5341,主候选,True,,该饮品与用户当前的【无明显不适、想满足、想庆祝】较匹配，同时兼顾【无】与【冷饮】，适合作为当前场景下的个性化饮品推荐。,甜感、果香
REC008,S003,U003,R019,荔枝白茶,2,0.0964,0.4143,0.0311,0.4,0.5,1.0,0.0,0.7,0.6427,0.2954,0.5096,0.5096,主候选,True,,该饮品与用户当前的【无明显不适、想满足、想庆祝】较匹配，同时兼顾【无】与【冷饮】，适合作为当前场景下的个性化饮品推荐。,甜感、果香
REC009,S003,U003,R003,葡萄柠檬茉莉花茶,3,-0.0909,0.3894,0.0243,0.2857,0.5,1.0,0.0,0.7,0.7863,0.2002,0.4651,0.4651,兜底补足,True,,该饮品与用户当前的【无明显不适、想满足、想庆祝】较匹配，同时兼顾【无】与【冷饮】，适合作为当前场景下的个性化饮品推荐。,甜感、果香
REC010,S004,U004,R078,百合玫瑰茶,1,0.4189,0.3342,0.225,0.0,0.1111,1.0,0.0,1.0,0.979,0.4754,0.5909,0.5909,主候选,True,,该饮品与用户当前的【睡眠不足、紧张、想放松】较匹配，同时兼顾【咖啡因敏感】与【常温】，适合作为当前场景下的个性化饮品推荐。,紧张、想放松、低刺激
REC011,S004,U004,R069,玫瑰菊花茶,2,0.3793,0.3327,0.2202,0.0,0.1111,1.0,0.0,1.0,0.5518,0.4337,0.5523,0.5523,主候选,True,,该饮品与用户当前的【睡眠不足、紧张、想放松】较匹配，同时兼顾【咖啡因敏感】与【常温】，适合作为当前场景下的个性化饮品推荐。,紧张、想放松、低刺激
REC012,S004,U004,R071,金银花菊花茶,3,0.3125,0.3337,0.2233,0.0,0.1111,1.0,0.0,1.0,0.5728,0.4017,0.5382,0.5382,主候选,True,,该饮品与用户当前的【睡眠不足、紧张、想放松】较匹配，同时兼顾【咖啡因敏感】与【常温】，适合作为当前场景下的个性化饮品推荐。,紧张、想放松、低刺激
REC013,S005,U005,R078,百合玫瑰茶,1,0.4516,0.4862,0.2875,0.25,0.6667,1.0,0.0,1.0,0.7213,0.532,0.6267,0.6267,主候选,True,,该饮品与用户当前的【胃敏感、低落、想放松】较匹配，同时兼顾【胃敏感慎用、忌强刺激】与【热饮】，适合作为当前场景下的个性化饮品推荐。,低落、想放松、温热
REC014,S005,U005,R069,玫瑰菊花茶,2,0.404,0.4843,0.2811,0.25,0.6667,1.0,0.0,1.0,0.534,0.4982,0.604,0.604,主候选,True,,该饮品与用户当前的【胃敏感、低落、想放松】较匹配，同时兼顾【胃敏感慎用、忌强刺激】与【热饮】，适合作为当前场景下的个性化饮品推荐。,低落、想放松、温热
REC015,S005,U005,R071,金银花菊花茶,3,0.3893,0.4756,0.2853,0.2,0.6667,1.0,0.0,1.0,0.5235,0.4873,0.5973,0.5973,主候选,True,,该饮品与用户当前的【胃敏感、低落、想放松】较匹配，同时兼顾【胃敏感慎用、忌强刺激】与【热饮】，适合作为当前场景下的个性化饮品推荐。,低落、想放松、温热
REC016,S006,U006,R019,荔枝白茶,1,0.2837,0.4122,0.263,0.0,0.5556,1.0,0.0,0.7,0.9699,0.4046,0.57,0.57,主候选,True,,该饮品与用户当前的【疲惫、烦躁、想提神】较匹配，同时兼顾【咖啡因敏感、夜间慎用】与【冷饮】，适合作为当前场景下的个性化饮品推荐。,疲惫、烦躁、想提神、清爽
REC017,S006,U006,R015,桃桃乌龙,2,0.3021,0.4091,0.2526,0.0,0.5556,1.0,0.0,0.7,0.5814,0.3933,0.5489,0.5489,主候选,True,,该饮品与用户当前的【疲惫、烦躁、想提神】较匹配，同时兼顾【咖啡因敏感、夜间慎用】与【冷饮】，适合作为当前场景下的个性化饮品推荐。,疲惫、烦躁、想提神、清爽
REC018,S006,U006,R003,葡萄柠檬茉莉花茶,3,0.1639,0.4092,0.2528,0.0,0.5556,1.0,0.0,0.7,0.6662,0.3285,0.5213,0.5213,主候选,True,,该饮品与用户当前的【疲惫、烦躁、想提神】较匹配，同时兼顾【咖啡因敏感、夜间慎用】与【冷饮】，适合作为当前场景下的个性化饮品推荐。,疲惫、烦躁、想提神、清爽
REC019,S007,U007,R016,芒果奶昔,1,0.2315,0.4224,0.2102,0.125,0.5625,1.0,0.0,0.7,0.8653,0.3769,0.5554,0.5554,主候选,True,,该饮品与用户当前的【运动后、想满足、想放松】较匹配，同时兼顾【无】与【冷饮】，适合作为当前场景下的个性化饮品推荐。,想满足、想放松、果香
REC020,S007,U007,R014,蓝莓奶昔,2,0.28,0.423,0.2121,0.125,0.5625,1.0,0.0,0.7,0.5784,0.387,0.5487,0.5487,主候选,True,,该饮品与用户当前的【运动后、想满足、想放松】较匹配，同时兼顾【无】与【冷饮】，适合作为当前场景下的个性化饮品推荐。,想满足、想放松、果香
REC021,S007,U007,R013,草莓奶昔,3,0.2366,0.4227,0.2111,0.125,0.5625,1.0,0.0,0.7,0.6875,0.3706,0.5453,0.5453,主候选,True,,该饮品与用户当前的【运动后、想满足、想放松】较匹配，同时兼顾【无】与【冷饮】，适合作为当前场景下的个性化饮品推荐。,想满足、想放松、果香
REC022,S008,U008,R069,玫瑰菊花茶,1,0.3909,0.45,0.1944,0.25,0.6111,1.0,0.0,1.0,0.9685,0.5014,0.6196,0.6196,主候选,True,,该饮品与用户当前的【轻补充、低落、温热】较匹配，同时兼顾【控糖】与【热饮】，适合作为当前场景下的个性化饮品推荐。,轻补充、低落、温热
REC023,S008,U008,R078,百合玫瑰茶,2,0.4352,0.4517,0.2,0.25,0.6111,1.0,0.0,1.0,0.7079,0.5111,0.6138,0.6138,主候选,True,,该饮品与用户当前的【轻补充、低落、温热】较匹配，同时兼顾【控糖】与【热饮】，适合作为当前场景下的个性化饮品推荐。,轻补充、低落、温热
REC024,S008,U008,R071,金银花菊花茶,3,0.3555,0.4411,0.1981,0.2,0.6111,1.0,0.0,1.0,0.8822,0.4762,0.6033,0.6033,主候选,True,,该饮品与用户当前的【轻补充、低落、温热】较匹配，同时兼顾【控糖】与【热饮】，适合作为当前场景下的个性化饮品推荐。,轻补充、低落、温热
REC025,S009,U009,R066,燕麦奶热可可,1,0.249,0.4143,0.1331,0.2,0.5625,1.0,0.0,1.0,0.5418,0.3966,0.5499,0.5499,主候选,True,,该饮品与用户当前的【寒冷天气、疲惫、放松】较匹配，同时兼顾【无】与【热饮】，适合作为当前场景下的个性化饮品推荐。,疲惫、放松、温热
REC026,S009,U009,R067,杏仁奶热可可,2,0.2151,0.4143,0.1331,0.2,0.5625,1.0,0.0,1.0,0.648,0.385,0.5491,0.5491,主候选,True,,该饮品与用户当前的【寒冷天气、疲惫、放松】较匹配，同时兼顾【无】与【热饮】，适合作为当前场景下的个性化饮品推荐。,疲惫、放松、温热
REC027,S009,U009,R078,百合玫瑰茶,3,0.1711,0.4208,0.125,0.25,0.5556,1.0,0.0,1.0,0.6314,0.3644,0.5392,0.5392,主候选,True,,该饮品与用户当前的【寒冷天气、疲惫、放松】较匹配，同时兼顾【无】与【热饮】，适合作为当前场景下的个性化饮品推荐。,疲惫、放松、温热
REC028,S010,U010,R014,蓝莓奶昔,1,0.3281,0.3053,0.1532,0.0,0.0625,1.0,0.0,0.7,0.9043,0.3861,0.5414,0.5414,主候选,True,,该饮品与用户当前的【无明显不适、想满足、想轻盈】较匹配，同时兼顾【胃敏感慎用】与【常温】，适合作为当前场景下的个性化饮品推荐。,想满足、清爽
REC029,S010,U010,R013,草莓奶昔,2,0.2837,0.3051,0.1524,0.0,0.0625,1.0,0.0,0.7,0.8092,0.3591,0.5209,0.5209,主候选,True,,该饮品与用户当前的【无明显不适、想满足、想轻盈】较匹配，同时兼顾【胃敏感慎用】与【常温】，适合作为当前场景下的个性化饮品推荐。,想满足、清爽
REC030,S010,U010,R016,芒果奶昔,3,0.2809,0.3048,0.1516,0.0,0.0625,1.0,0.0,0.7,0.7804,0.3562,0.5175,0.5175,主候选,True,,该饮品与用户当前的【无明显不适、想满足、想轻盈】较匹配，同时兼顾【胃敏感慎用】与【常温】，适合作为当前场景下的个性化饮品推荐。,想满足、清爽
REC031,S011,U011,R016,芒果奶昔,1,0.2311,0.3997,0.1344,0.125,0.5625,1.0,0.0,0.7,0.9965,0.3753,0.559,0.559,主候选,True,,该饮品与用户当前的【无明显不适、想释放、想焕新】较匹配，同时兼顾【无】与【冷饮】，适合作为当前场景下的个性化饮品推荐。,想释放、清爽、果香
REC032,S011,U011,R014,蓝莓奶昔,2,0.3004,0.4,0.1355,0.125,0.5625,1.0,0.0,0.7,0.513,0.3858,0.5446,0.5446,主候选,True,,该饮品与用户当前的【无明显不适、想释放、想焕新】较匹配，同时兼顾【无】与【冷饮】，适合作为当前场景下的个性化饮品推荐。,想释放、清爽、果香
REC033,S011,U011,R013,草莓奶昔,3,0.2339,0.3999,0.1349,0.125,0.5625,1.0,0.0,0.7,0.5059,0.3522,0.5281,0.5281,主候选,True,,该饮品与用户当前的【无明显不适、想释放、想焕新】较匹配，同时兼顾【无】与【冷饮】，适合作为当前场景下的个性化饮品推荐。,想释放、清爽、果香
REC034,S012,U012,R078,百合玫瑰茶,1,0.4429,0.3879,0.2375,0.25,0.1111,1.0,0.0,1.0,0.9265,0.5035,0.6059,0.6059,主候选,True,,该饮品与用户当前的【胃敏感、紧张、想放松】较匹配，同时兼顾【咖啡因敏感、胃敏感慎用】与【温热】，适合作为当前场景下的个性化饮品推荐。,紧张、想放松、低刺激、温热
REC035,S012,U012,R069,玫瑰菊花茶,2,0.3941,0.3862,0.2319,0.25,0.1111,1.0,0.0,1.0,0.752,0.4698,0.5828,0.5828,主候选,True,,该饮品与用户当前的【胃敏感、紧张、想放松】较匹配，同时兼顾【咖啡因敏感、胃敏感慎用】与【温热】，适合作为当前场景下的个性化饮品推荐。,紧张、想放松、低刺激、温热
REC036,S012,U012,R071,金银花菊花茶,3,0.3713,0.3773,0.2356,0.2,0.1111,1.0,0.0,1.0,0.5669,0.446,0.5625,0.5625,主候选,True,,该饮品与用户当前的【胃敏感、紧张、想放松】较匹配，同时兼顾【咖啡因敏感、胃敏感慎用】与【温热】，适合作为当前场景下的个性化饮品推荐。,紧张、想放松、低刺激、温热
REC037,S013,U013,R078,百合玫瑰茶,1,0.4099,0.3492,0.275,0.0,0.1111,1.0,0.0,1.0,0.7097,0.4626,0.573,0.573,主候选,True,,该饮品与用户当前的【轻补充、疲惫、低落】较匹配，同时兼顾【乳糖不耐、控糖】与【常温】，适合作为当前场景下的个性化饮品推荐。,轻补充、疲惫、低落、想安抚
REC038,S013,U013,R069,玫瑰菊花茶,2,0.3591,0.3475,0.2694,0.0,0.1111,1.0,0.0,1.0,0.7043,0.4364,0.5605,0.5605,主候选,True,,该饮品与用户当前的【轻补充、疲惫、低落】较匹配，同时兼顾【乳糖不耐、控糖】与【常温】，适合作为当前场景下的个性化饮品推荐。,轻补充、疲惫、低落、想安抚
REC039,S013,U013,R071,金银花菊花茶,3,0.26,0.3486,0.2731,0.0,0.1111,1.0,0.0,1.0,0.6018,0.3821,0.5303,0.5303,主候选,True,,该饮品与用户当前的【轻补充、疲惫、低落】较匹配，同时兼顾【乳糖不耐、控糖】与【常温】，适合作为当前场景下的个性化饮品推荐。,轻补充、疲惫、低落、想安抚
REC040,S014,U014,R019,荔枝白茶,1,0.1835,0.3603,0.0865,0.0,0.5625,1.0,0.0,0.7,0.7986,0.3278,0.5245,0.5245,主候选,True,,该饮品与用户当前的【无明显不适、紧张、想清新】较匹配，同时兼顾【无】与【冷饮】，适合作为当前场景下的个性化饮品推荐。,无明显不适、紧张、想清新、想自信、绿茶
REC041,S014,U014,R015,桃桃乌龙,2,0.1971,0.3603,0.0865,0.0,0.5625,1.0,0.0,0.7,0.7073,0.33,0.5218,0.5218,主候选,True,,该饮品与用户当前的【无明显不适、紧张、想清新】较匹配，同时兼顾【无】与【冷饮】，适合作为当前场景下的个性化饮品推荐。,无明显不适、紧张、想清新、想自信、绿茶
REC042,S014,U014,R003,葡萄柠檬茉莉花茶,3,0.0793,0.36,0.0854,0.0,0.5625,1.0,0.0,0.7,0.9579,0.2835,0.5108,0.5108,主候选,True,,该饮品与用户当前的【无明显不适、紧张、想清新】较匹配，同时兼顾【无】与【冷饮】，适合作为当前场景下的个性化饮品推荐。,无明显不适、紧张、想清新、想自信、绿茶
REC043,S015,U015,R078,百合玫瑰茶,1,0.4264,0.3296,0.2375,0.0,0.0556,1.0,0.0,1.0,0.7629,0.4667,0.5758,0.5758,主候选,True,,该饮品与用户当前的【睡眠不足、烦躁、想放松】较匹配，同时兼顾【夜间慎用高咖啡因】与【温热】，适合作为当前场景下的个性化饮品推荐。,烦躁、想放松、想安抚
REC044,S015,U015,R069,玫瑰菊花茶,2,0.3875,0.3279,0.2319,0.0,0.0556,1.0,0.0,1.0,0.5791,0.4375,0.5539,0.5539,主候选,True,,该饮品与用户当前的【睡眠不足、烦躁、想放松】较匹配，同时兼顾【夜间慎用高咖啡因】与【温热】，适合作为当前场景下的个性化饮品推荐。,烦躁、想放松、想安抚
REC045,S015,U015,R071,金银花菊花茶,3,0.3137,0.329,0.2356,0.0,0.0556,1.0,0.0,1.0,0.9403,0.419,0.5537,0.5537,主候选,True,,该饮品与用户当前的【睡眠不足、烦躁、想放松】较匹配，同时兼顾【夜间慎用高咖啡因】与【温热】，适合作为当前场景下的个性化饮品推荐。,烦躁、想放松、想安抚
REC046,S016,U016,R078,百合玫瑰茶,1,0.4489,0.3421,0.1125,0.25,0.0556,1.0,0.0,1.0,0.9394,0.4911,0.5999,0.5999,主候选,True,,该饮品与用户当前的【低刺激、低落、清爽】较匹配，同时兼顾【胃敏感慎用】与【温热】，适合作为当前场景下的个性化饮品推荐。,低刺激、低落、温热
REC047,S016,U016,R069,玫瑰菊花茶,2,0.3993,0.3449,0.1218,0.25,0.0556,1.0,0.0,1.0,0.8682,0.4638,0.5843,0.5843,主候选,True,,该饮品与用户当前的【低刺激、低落、清爽】较匹配，同时兼顾【胃敏感慎用】与【温热】，适合作为当前场景下的个性化饮品推荐。,低刺激、低落、温热
REC048,S016,U016,R071,金银花菊花茶,3,0.3839,0.3355,0.1239,0.2,0.0556,1.0,0.0,1.0,0.5084,0.4348,0.5599,0.5599,主候选,True,,该饮品与用户当前的【低刺激、低落、清爽】较匹配，同时兼顾【胃敏感慎用】与【温热】，适合作为当前场景下的个性化饮品推荐。,低刺激、低落、温热
REC049,S017,U017,R078,百合玫瑰茶,1,0.4432,0.4713,0.2375,0.25,0.6667,1.0,0.0,1.0,0.8858,0.5309,0.6321,0.6321,主候选,True,,该饮品与用户当前的【低刺激、寒冷天气、烦躁】较匹配，同时兼顾【忌生冷】与【热饮】，适合作为当前场景下的个性化饮品推荐。,低刺激、烦躁、放松、温热
REC050,S017,U017,R069,玫瑰菊花茶,2,0.3997,0.4696,0.2319,0.25,0.6667,1.0,0.0,1.0,0.8615,0.5073,0.6204,0.6204,主候选,True,,该饮品与用户当前的【低刺激、寒冷天气、烦躁】较匹配，同时兼顾【忌生冷】与【热饮】，适合作为当前场景下的个性化饮品推荐。,低刺激、烦躁、放松、温热
REC051,S017,U017,R071,金银花菊花茶,3,0.3673,0.4607,0.2356,0.2,0.6667,1.0,0.0,1.0,0.586,0.4742,0.5931,0.5931,主候选,True,,该饮品与用户当前的【低刺激、寒冷天气、烦躁】较匹配，同时兼顾【忌生冷】与【热饮】，适合作为当前场景下的个性化饮品推荐。,低刺激、烦躁、放松、温热
REC052,S018,U018,R021,芝士奶盖铁观音,1,0.0914,0.2883,0.0963,0.0,0.0625,1.0,0.0,0.7,0.7042,0.2518,0.4564,0.4564,主候选,True,,该饮品与用户当前的【无明显不适、紧张、专注】较匹配，同时兼顾【咖啡因敏感、夜间慎用】与【常温】，适合作为当前场景下的个性化饮品推荐。,专注
REC053,S018,U018,R026,泰式奶红,2,-0.0707,0.2864,0.0901,0.0,0.0625,1.0,0.0,1.0,0.8984,0.2098,0.4557,0.4557,兜底补足,True,,该饮品与用户当前的【无明显不适、紧张、专注】较匹配，同时兼顾【咖啡因敏感、夜间慎用】与【常温】，适合作为当前场景下的个性化饮品推荐。,专注
REC054,S018,U018,R030,焙茶豆乳,3,-0.0183,0.2871,0.0923,0.0,0.0625,1.0,0.0,1.0,0.672,0.2249,0.4546,0.4546,兜底补足,True,,该饮品与用户当前的【无明显不适、紧张、专注】较匹配，同时兼顾【咖啡因敏感、夜间慎用】与【常温】，适合作为当前场景下的个性化饮品推荐。,专注
REC055,S019,U019,R014,蓝莓奶昔,1,0.3052,0.3677,0.1944,0.25,0.0625,1.0,0.0,0.7,0.6793,0.3853,0.5375,0.5375,主候选,True,,该饮品与用户当前的【无明显不适、低落、想开心】较匹配，同时兼顾【无】与【常温】，适合作为当前场景下的个性化饮品推荐。,低落、想满足、甜感、果香
REC056,S019,U019,R013,草莓奶昔,2,0.2419,0.3675,0.1937,0.25,0.0625,1.0,0.0,0.7,0.7775,0.3584,0.5281,0.5281,主候选,True,,该饮品与用户当前的【无明显不适、低落、想开心】较匹配，同时兼顾【无】与【常温】，适合作为当前场景下的个性化饮品推荐。,低落、想满足、甜感、果香
REC057,S019,U019,R016,芒果奶昔,3,0.239,0.3698,0.2016,0.25,0.0625,1.0,0.0,0.7,0.7616,0.357,0.5267,0.5267,主候选,True,,该饮品与用户当前的【无明显不适、低落、想开心】较匹配，同时兼顾【无】与【常温】，适合作为当前场景下的个性化饮品推荐。,低落、想满足、甜感、果香
REC058,S020,U020,R014,蓝莓奶昔,1,0.1102,0.398,0.2121,0.0,0.5625,1.0,0.0,0.7,0.7817,0.3035,0.5137,0.5137,主候选,True,,该饮品与用户当前的【炎热天气、轻补充、疲惫】较匹配，同时兼顾【控糖】与【冷饮】，适合作为当前场景下的个性化饮品推荐。,轻补充、疲惫、清爽
REC059,S020,U020,R016,芒果奶昔,2,0.0529,0.3974,0.2102,0.0,0.5625,1.0,0.0,0.7,0.9563,0.2834,0.5111,0.5111,主候选,True,,该饮品与用户当前的【炎热天气、轻补充、疲惫】较匹配，同时兼顾【控糖】与【冷饮】，适合作为当前场景下的个性化饮品推荐。,轻补充、疲惫、清爽
REC060,S020,U020,R013,草莓奶昔,3,0.0519,0.3977,0.2111,0.0,0.5625,1.0,0.0,0.7,0.7612,0.2732,0.4982,0.4982,主候选,True,,该饮品与用户当前的【炎热天气、轻补充、疲惫】较匹配，同时兼顾【控糖】与【冷饮】，适合作为当前场景下的个性化饮品推荐。,轻补充、疲惫、清爽
REC061,S021,U021,R066,燕麦奶热可可,1,0.1834,0.3724,0.3455,0.0,0.125,1.0,0.0,1.0,0.6471,0.3544,0.5196,0.5196,主候选,True,,该饮品与用户当前的【疲惫、低落、想放松】较匹配，同时兼顾【无】与【温热】，适合作为当前场景下的个性化饮品推荐。,疲惫、低落、想放松、想安抚
REC062,S021,U021,R078,百合玫瑰茶,2,0.1928,0.3642,0.325,0.0,0.1111,1.0,0.0,1.0,0.5029,0.349,0.5099,0.5099,主候选,True,,该饮品与用户当前的【疲惫、低落、想放松】较匹配，同时兼顾【无】与【温热】，适合作为当前场景下的个性化饮品推荐。,疲惫、低落、想放松、想安抚
REC063,S021,U021,R067,杏仁奶热可可,3,0.1453,0.3724,0.3455,0.0,0.125,1.0,0.0,1.0,0.5338,0.3297,0.5021,0.5021,主候选,True,,该饮品与用户当前的【疲惫、低落、想放松】较匹配，同时兼顾【无】与【温热】，适合作为当前场景下的个性化饮品推荐。,疲惫、低落、想放松、想安抚
REC064,S022,U022,R078,百合玫瑰茶,1,0.3039,0.2846,0.0875,0.0,0.0556,1.0,0.0,1.0,0.6811,0.3856,0.5371,0.5371,主候选,True,,该饮品与用户当前的【胃敏感、满足、想清凉】较匹配，同时兼顾【胃敏感慎用】与【常温】，适合作为当前场景下的个性化饮品推荐。,胃敏感、满足、想清凉、想低负担、芦荟
REC065,S022,U022,R069,玫瑰菊花茶,2,0.2691,0.2836,0.0843,0.0,0.0556,1.0,0.0,1.0,0.8032,0.374,0.5352,0.5352,主候选,True,,该饮品与用户当前的【胃敏感、满足、想清凉】较匹配，同时兼顾【胃敏感慎用】与【常温】，适合作为当前场景下的个性化饮品推荐。,胃敏感、满足、想清凉、想低负担、芦荟
REC066,S022,U022,R071,金银花菊花茶,3,0.1664,0.2806,0.0742,0.0,0.0556,1.0,0.0,1.0,0.7148,0.3172,0.5047,0.5047,主候选,True,,该饮品与用户当前的【胃敏感、满足、想清凉】较匹配，同时兼顾【胃敏感慎用】与【常温】，适合作为当前场景下的个性化饮品推荐。,胃敏感、满足、想清凉、想低负担、芦荟
REC067,S023,U023,R078,百合玫瑰茶,1,0.3206,0.3654,0.1625,0.25,0.1111,1.0,0.0,1.0,0.9011,0.4332,0.5735,0.5735,主候选,True,,该饮品与用户当前的【精力偏高、想释放、想放松】较匹配，同时兼顾【乳糖不耐】与【温热】，适合作为当前场景下的个性化饮品推荐。,想放松、低刺激、温热
REC068,S023,U023,R069,玫瑰菊花茶,2,0.2287,0.3645,0.1593,0.25,0.1111,1.0,0.0,1.0,0.6317,0.3735,0.5317,0.5317,主候选,True,,该饮品与用户当前的【精力偏高、想释放、想放松】较匹配，同时兼顾【乳糖不耐】与【温热】，适合作为当前场景下的个性化饮品推荐。,想放松、低刺激、温热
REC069,S023,U023,R066,燕麦奶热可可,3,0.1023,0.4058,0.2213,0.4,0.0625,1.0,0.0,1.0,0.798,0.3331,0.5204,0.5204,主候选,True,,该饮品与用户当前的【精力偏高、想释放、想放松】较匹配，同时兼顾【乳糖不耐】与【温热】，适合作为当前场景下的个性化饮品推荐。,想释放、想放松、奶香、温热
REC070,S024,U024,R015,桃桃乌龙,1,0.3115,0.3186,0.1661,0.0,0.125,1.0,0.0,0.7,0.5882,0.3667,0.5168,0.5168,主候选,True,,该饮品与用户当前的【疲惫、疲惫、轻补充】较匹配，同时兼顾【无】与【常温】，适合作为当前场景下的个性化饮品推荐。,疲惫、轻补充、专注
REC071,S024,U024,R019,荔枝白茶,2,0.2924,0.3186,0.1661,0.0,0.125,1.0,0.0,0.7,0.6395,0.3597,0.515,0.515,主候选,True,,该饮品与用户当前的【疲惫、疲惫、轻补充】较匹配，同时兼顾【无】与【常温】，适合作为当前场景下的个性化饮品推荐。,疲惫、轻补充、专注
REC072,S024,U024,R003,葡萄柠檬茉莉花茶,3,0.1709,0.3165,0.1593,0.0,0.125,1.0,0.0,0.7,0.8812,0.3103,0.5038,0.5038,主候选,True,,该饮品与用户当前的【疲惫、疲惫、轻补充】较匹配，同时兼顾【无】与【常温】，适合作为当前场景下的个性化饮品推荐。,疲惫、轻补充、专注
REC073,S025,U025,R012,鲜橙养乐多,1,0.0847,0.3196,0.1694,0.0,0.125,1.0,0.0,0.7,0.8729,0.2679,0.4803,0.4803,主候选,True,,该饮品与用户当前的【无明显不适、烦躁、想宁静】较匹配，同时兼顾【无】与【常温】，适合作为当前场景下的个性化饮品推荐。,烦躁、清爽
REC074,S025,U025,R002,蜂蜜柠檬茶,2,0.0869,0.3053,0.1529,0.0,0.0625,1.0,0.0,0.7,0.8227,0.2615,0.4686,0.4686,主候选,True,,该饮品与用户当前的【无明显不适、烦躁、想宁静】较匹配，同时兼顾【无】与【常温】，适合作为当前场景下的个性化饮品推荐。,烦躁、清爽
REC075,S025,U025,R072,菊花柠檬茶,3,-0.0513,0.3112,0.1486,0.0,0.1111,1.0,0.0,1.0,0.9255,0.2296,0.4701,0.4701,兜底补足,True,,该饮品与用户当前的【无明显不适、烦躁、想宁静】较匹配，同时兼顾【无】与【常温】，适合作为当前场景下的个性化饮品推荐。,烦躁、清爽
REC076,S026,U026,R018,茉莉苹果奶绿,1,0.0287,0.2866,0.0864,0.0,0.0714,1.0,0.0,0.7,0.7247,0.2209,0.4416,0.4416,主候选,True,,该饮品与用户当前的【饱腹、紧张、想轻盈】较匹配，同时兼顾【忌油腻、夜间慎用高咖啡因】与【常温】，适合作为当前场景下的个性化饮品推荐。,清爽
REC077,S026,U026,R002,蜂蜜柠檬茶,2,0.0151,0.286,0.0886,0.0,0.0625,1.0,0.0,0.7,0.5884,0.2071,0.4247,0.4247,主候选,True,,该饮品与用户当前的【饱腹、紧张、想轻盈】较匹配，同时兼顾【忌油腻、夜间慎用高咖啡因】与【常温】，适合作为当前场景下的个性化饮品推荐。,清爽
REC078,S026,U026,R072,菊花柠檬茶,3,-0.0562,0.2917,0.1111,0.0,0.0556,1.0,0.0,1.0,0.9455,0.2213,0.4623,0.4623,兜底补足,True,,该饮品与用户当前的【饱腹、紧张、想轻盈】较匹配，同时兼顾【忌油腻、夜间慎用高咖啡因】与【常温】，适合作为当前场景下的个性化饮品推荐。,紧张、清爽
REC079,S027,U027,R014,蓝莓奶昔,1,0.239,0.3453,0.2032,0.125,0.0625,1.0,0.0,0.7,0.6355,0.3421,0.5075,0.5075,主候选,True,,该饮品与用户当前的【疲惫、疲惫、清爽】较匹配，同时兼顾【无】与【常温】，适合作为当前场景下的个性化饮品推荐。,疲惫、清爽、想放松、果香
REC080,S027,U027,R016,芒果奶昔,2,0.1343,0.3423,0.193,0.125,0.0625,1.0,0.0,0.7,0.7215,0.293,0.4867,0.4867,主候选,True,,该饮品与用户当前的【疲惫、疲惫、清爽】较匹配，同时兼顾【无】与【常温】，适合作为当前场景下的个性化饮品推荐。,疲惫、清爽、想放松、果香
REC081,S027,U027,R013,草莓奶昔,3,0.137,0.3425,0.1937,0.125,0.0625,1.0,0.0,0.7,0.6866,0.2927,0.4843,0.4843,主候选,True,,该饮品与用户当前的【疲惫、疲惫、清爽】较匹配，同时兼顾【无】与【常温】，适合作为当前场景下的个性化饮品推荐。,疲惫、清爽、想放松、果香
REC082,S028,U028,R078,百合玫瑰茶,1,0.3394,0.2913,0.1375,0.0,0.0,1.0,0.0,1.0,0.9339,0.4184,0.5605,0.5605,主候选,True,,该饮品与用户当前的【紧张、紧张、想自信】较匹配，同时兼顾【咖啡因敏感】与【温热】，适合作为当前场景下的个性化饮品推荐。,紧张、想安抚
REC083,S028,U028,R071,金银花菊花茶,2,0.2401,0.2908,0.1361,0.0,0.0,1.0,0.0,1.0,0.8973,0.3667,0.535,0.535,主候选,True,,该饮品与用户当前的【紧张、紧张、想自信】较匹配，同时兼顾【咖啡因敏感】与【温热】，适合作为当前场景下的个性化饮品推荐。,紧张、想安抚
REC084,S028,U028,R069,玫瑰菊花茶,3,0.2546,0.2901,0.1335,0.0,0.0,1.0,0.0,1.0,0.7758,0.3676,0.5296,0.5296,主候选,True,,该饮品与用户当前的【紧张、紧张、想自信】较匹配，同时兼顾【咖啡因敏感】与【温热】，适合作为当前场景下的个性化饮品推荐。,紧张、想安抚
REC085,S029,U029,R067,杏仁奶热可可,1,0.2562,0.3641,0.0989,0.0,0.5625,1.0,0.0,1.0,0.8798,0.3995,0.5627,0.5627,主候选,True,,该饮品与用户当前的【无明显不适、放松、想灵感】较匹配，同时兼顾【无】与【热饮】，适合作为当前场景下的个性化饮品推荐。,放松
REC086,S029,U029,R066,燕麦奶热可可,2,0.2705,0.3641,0.0989,0.0,0.5625,1.0,0.0,1.0,0.54,0.3897,0.5426,0.5426,主候选,True,,该饮品与用户当前的【无明显不适、放松、想灵感】较匹配，同时兼顾【无】与【热饮】，适合作为当前场景下的个性化饮品推荐。,放松
REC087,S029,U029,R065,热可可,3,0.0933,0.3619,0.0918,0.0,0.5625,1.0,0.0,1.0,0.6558,0.3061,0.5084,0.5084,主候选,True,,该饮品与用户当前的【无明显不适、放松、想灵感】较匹配，同时兼顾【无】与【热饮】，适合作为当前场景下的个性化饮品推荐。,放松
REC088,S030,U030,R066,燕麦奶热可可,1,0.2271,0.3622,0.1781,0.2,0.125,1.0,0.0,1.0,0.825,0.3816,0.5453,0.5453,主候选,True,,该饮品与用户当前的【无明显不适、低落、想安慰】较匹配，同时兼顾【无】与【温热】，适合作为当前场景下的个性化饮品推荐。,低落、温热
REC089,S030,U030,R067,杏仁奶热可可,2,0.184,0.3622,0.1781,0.2,0.125,1.0,0.0,1.0,0.8147,0.3595,0.534,0.534,主候选,True,,该饮品与用户当前的【无明显不适、低落、想安慰】较匹配，同时兼顾【无】与【温热】，适合作为当前场景下的个性化饮品推荐。,低落、温热
REC090,S030,U030,R069,玫瑰菊花茶,3,0.0809,0.368,0.171,0.25,0.1111,1.0,0.0,1.0,0.9758,0.318,0.5218,0.5218,主候选,True,,该饮品与用户当前的【无明显不适、低落、想安慰】较匹配，同时兼顾【无】与【温热】，适合作为当前场景下的个性化饮品推荐。,低落、温热
REC091,S031,U031,R018,茉莉苹果奶绿,1,0.0151,0.3986,0.214,0.0,0.5625,1.0,0.0,0.7,0.994,0.2668,0.5046,0.5046,主候选,True,,该饮品与用户当前的【疲惫、低落、清爽】较匹配，同时兼顾【无】与【冷饮】，适合作为当前场景下的个性化饮品推荐。,疲惫、低落、清爽
REC092,S031,U031,R021,芝士奶盖铁观音,2,0.0431,0.4,0.2188,0.0,0.5625,1.0,0.0,0.7,0.6862,0.2659,0.4918,0.4918,主候选,True,,该饮品与用户当前的【疲惫、低落、清爽】较匹配，同时兼顾【无】与【冷饮】，适合作为当前场景下的个性化饮品推荐。,疲惫、低落、清爽
REC093,S031,U031,R015,桃桃乌龙,3,-0.174,0.3936,0.1973,0.0,0.5625,1.0,0.0,0.7,0.9894,0.1702,0.4583,0.4583,兜底补足,True,,该饮品与用户当前的【疲惫、低落、清爽】较匹配，同时兼顾【无】与【冷饮】，适合作为当前场景下的个性化饮品推荐。,疲惫、低落、清爽
REC094,S032,U032,R015,桃桃乌龙,1,0.1106,0.4367,0.1765,0.2,0.625,1.0,0.0,0.7,0.7855,0.3174,0.5274,0.5274,主候选,True,,该饮品与用户当前的【困倦、困倦、提神】较匹配，同时兼顾【无】与【冷饮】，适合作为当前场景下的个性化饮品推荐。,困倦、提神、清爽
REC095,S032,U032,R021,芝士奶盖铁观音,2,0.0512,0.4496,0.2329,0.1667,0.6429,1.0,0.0,0.7,0.8933,0.2976,0.5228,0.5228,主候选,True,,该饮品与用户当前的【困倦、困倦、提神】较匹配，同时兼顾【无】与【冷饮】，适合作为当前场景下的个性化饮品推荐。,困倦、提神、清爽
REC096,S032,U032,R019,荔枝白茶,3,0.0898,0.4367,0.1765,0.2,0.625,1.0,0.0,0.7,0.6784,0.3017,0.5155,0.5155,主候选,True,,该饮品与用户当前的【困倦、困倦、提神】较匹配，同时兼顾【无】与【冷饮】，适合作为当前场景下的个性化饮品推荐。,困倦、提神、清爽
REC097,S033,U033,R015,桃桃乌龙,1,0.2258,0.3873,0.1765,0.0,0.5625,1.0,0.0,0.7,0.72,0.3545,0.5352,0.5352,主候选,True,,该饮品与用户当前的【困倦、困倦、想提神】较匹配，同时兼顾【咖啡因敏感】与【冷饮】，适合作为当前场景下的个性化饮品推荐。,困倦、想提神、清爽
REC098,S033,U033,R019,荔枝白茶,2,0.2119,0.3873,0.1765,0.0,0.5625,1.0,0.0,0.7,0.6536,0.3442,0.5276,0.5276,主候选,True,,该饮品与用户当前的【困倦、困倦、想提神】较匹配，同时兼顾【咖啡因敏感】与【冷饮】，适合作为当前场景下的个性化饮品推荐。,困倦、想提神、清爽
REC099,S033,U033,R003,葡萄柠檬茉莉花茶,3,0.1042,0.3894,0.1835,0.0,0.5625,1.0,0.0,0.7,0.7538,0.2961,0.5086,0.5086,主候选,True,,该饮品与用户当前的【困倦、困倦、想提神】较匹配，同时兼顾【咖啡因敏感】与【冷饮】，适合作为当前场景下的个性化饮品推荐。,困倦、想提神、清爽
REC100,S034,U034,R015,桃桃乌龙,1,0.2183,0.4102,0.2526,0.0,0.5625,1.0,0.0,0.7,0.7312,0.3593,0.5389,0.5389,主候选,True,,该饮品与用户当前的【运动后、轻补充、疲惫】较匹配，同时兼顾【无】与【冷饮】，适合作为当前场景下的个性化饮品推荐。,运动后、轻补充、疲惫、清爽
REC101,S034,U034,R019,荔枝白茶,2,0.1947,0.4102,0.2526,0.0,0.5625,1.0,0.0,0.7,0.5593,0.3389,0.5222,0.5222,主候选,True,,该饮品与用户当前的【运动后、轻补充、疲惫】较匹配，同时兼顾【无】与【冷饮】，适合作为当前场景下的个性化饮品推荐。,运动后、轻补充、疲惫、清爽
REC102,S034,U034,R003,葡萄柠檬茉莉花茶,3,0.0624,0.4054,0.2366,0.0,0.5625,1.0,0.0,0.7,0.8927,0.2877,0.5109,0.5109,主候选,True,,该饮品与用户当前的【运动后、轻补充、疲惫】较匹配，同时兼顾【无】与【冷饮】，适合作为当前场景下的个性化饮品推荐。,运动后、轻补充、疲惫、清爽
REC103,S035,U035,R069,玫瑰菊花茶,1,0.373,0.3292,0.2085,0.0,0.1111,1.0,0.0,1.0,0.8083,0.4421,0.5678,0.5678,主候选,True,,该饮品与用户当前的【疲惫、疲惫、轻补充】较匹配，同时兼顾【无】与【温热】，适合作为当前场景下的个性化饮品推荐。,疲惫、轻补充、想安抚
REC104,S035,U035,R078,百合玫瑰茶,2,0.4178,0.3304,0.2125,0.0,0.1111,1.0,0.0,1.0,0.6311,0.4561,0.5664,0.5664,主候选,True,,该饮品与用户当前的【疲惫、疲惫、轻补充】较匹配，同时兼顾【无】与【温热】，适合作为当前场景下的个性化饮品推荐。,疲惫、轻补充、想安抚
REC105,S035,U035,R071,金银花菊花茶,3,0.3016,0.33,0.2111,0.0,0.1111,1.0,0.0,1.0,0.6737,0.4,0.542,0.542,主候选,True,,该饮品与用户当前的【疲惫、疲惫、轻补充】较匹配，同时兼顾【无】与【温热】，适合作为当前场景下的个性化饮品推荐。,疲惫、轻补充、想安抚
REC106,S036,U036,R069,玫瑰菊花茶,1,0.3759,0.3131,0.1827,0.0,0.0556,1.0,0.0,1.0,0.8707,0.4411,0.5687,0.5687,主候选,True,,该饮品与用户当前的【低刺激、烦躁、放松】较匹配，同时兼顾【低刺激】与【温热】，适合作为当前场景下的个性化饮品推荐。,低刺激、烦躁、放松
REC107,S036,U036,R078,百合玫瑰茶,2,0.4135,0.3146,0.1875,0.0,0.0556,1.0,0.0,1.0,0.5033,0.442,0.5543,0.5543,主候选,True,,该饮品与用户当前的【低刺激、烦躁、放松】较匹配，同时兼顾【低刺激】与【温热】，适合作为当前场景下的个性化饮品推荐。,低刺激、烦躁、放松
REC108,S036,U036,R071,金银花菊花茶,3,0.3058,0.3141,0.1858,0.0,0.0556,1.0,0.0,1.0,0.6408,0.3949,0.5366,0.5366,主候选,True,,该饮品与用户当前的【低刺激、烦躁、放松】较匹配，同时兼顾【低刺激】与【温热】，适合作为当前场景下的个性化饮品推荐。,低刺激、烦躁、放松
REC109,S037,U037,R014,蓝莓奶昔,1,0.0275,0.3403,0.1344,0.25,0.0,1.0,0.0,0.7,0.7837,0.2421,0.4629,0.4629,主候选,True,,该饮品与用户当前的【无明显不适、想满足、想分享】较匹配，同时兼顾【口腔敏感、忌刺激】与【常温】，适合作为当前场景下的个性化饮品推荐。,想满足、清爽、甜感、果香
REC110,S037,U037,R012,鲜橙养乐多,2,0.0203,0.3479,0.1358,0.2857,0.0,1.0,0.0,0.7,0.7558,0.2397,0.4614,0.4614,主候选,True,,该饮品与用户当前的【无明显不适、想满足、想分享】较匹配，同时兼顾【口腔敏感、忌刺激】与【常温】，适合作为当前场景下的个性化饮品推荐。,想满足、清爽、甜感、果香
REC111,S037,U037,R015,桃桃乌龙,3,0.0256,0.3528,0.0761,0.4,0.0,1.0,0.0,0.7,0.5,0.2313,0.4442,0.4442,主候选,True,,该饮品与用户当前的【无明显不适、想满足、想分享】较匹配，同时兼顾【口腔敏感、忌刺激】与【常温】，适合作为当前场景下的个性化饮品推荐。,清爽、甜感、果香
REC112,S038,U038,R069,玫瑰菊花茶,1,0.2737,0.3561,0.1593,0.25,0.0556,1.0,0.0,1.0,0.9655,0.4098,0.565,0.565,主候选,True,,该饮品与用户当前的【追剧后兴奋、想释放、想放松】较匹配，同时兼顾【乳糖不耐】与【温热】，适合作为当前场景下的个性化饮品推荐。,想放松、想安抚、温热
REC113,S038,U038,R078,百合玫瑰茶,2,0.3617,0.3571,0.1625,0.25,0.0556,1.0,0.0,1.0,0.6031,0.436,0.56,0.56,主候选,True,,该饮品与用户当前的【追剧后兴奋、想释放、想放松】较匹配，同时兼顾【乳糖不耐】与【温热】，适合作为当前场景下的个性化饮品推荐。,想放松、想安抚、温热
REC114,S038,U038,R071,金银花菊花茶,3,0.0961,0.3468,0.1614,0.2,0.0556,1.0,0.0,1.0,0.8071,0.3098,0.5068,0.5068,主候选,True,,该饮品与用户当前的【追剧后兴奋、想释放、想放松】较匹配，同时兼顾【乳糖不耐】与【温热】，适合作为当前场景下的个性化饮品推荐。,想放松、想安抚、温热
REC115,S039,U039,R014,蓝莓奶昔,1,0.3085,0.4047,0.2032,0.0,0.625,1.0,0.0,0.7,0.9865,0.4152,0.5773,0.5773,主候选,True,,该饮品与用户当前的【无明显不适、放松、想享受】较匹配，同时兼顾【控糖】与【冷饮】，适合作为当前场景下的个性化饮品推荐。,放松、想满足
REC116,S039,U039,R013,草莓奶昔,2,0.2442,0.4045,0.2024,0.0,0.625,1.0,0.0,0.7,0.7621,0.3718,0.5476,0.5476,主候选,True,,该饮品与用户当前的【无明显不适、放松、想享受】较匹配，同时兼顾【控糖】与【冷饮】，适合作为当前场景下的个性化饮品推荐。,放松、想满足
REC117,S039,U039,R016,芒果奶昔,3,0.2413,0.4042,0.2016,0.0,0.625,1.0,0.0,0.7,0.7403,0.3691,0.5455,0.5455,主候选,True,,该饮品与用户当前的【无明显不适、放松、想享受】较匹配，同时兼顾【控糖】与【冷饮】，适合作为当前场景下的个性化饮品推荐。,放松、想满足
REC118,S040,U040,R066,燕麦奶热可可,1,0.2511,0.4604,0.2555,0.2,0.625,1.0,0.0,1.0,0.8289,0.4281,0.58,0.58,主候选,True,,该饮品与用户当前的【无明显不适、低落、温热】较匹配，同时兼顾【无】与【热饮】，适合作为当前场景下的个性化饮品推荐。,低落、想安抚、温热
REC119,S040,U040,R067,杏仁奶热可可,2,0.2154,0.4604,0.2555,0.2,0.625,1.0,0.0,1.0,0.6559,0.4016,0.5606,0.5606,主候选,True,,该饮品与用户当前的【无明显不适、低落、温热】较匹配，同时兼顾【无】与【热饮】，适合作为当前场景下的个性化饮品推荐。,低落、想安抚、温热
REC120,S040,U040,R069,玫瑰菊花茶,3,0.0804,0.4612,0.2319,0.25,0.6111,1.0,0.0,1.0,0.9882,0.351,0.551,0.551,主候选,True,,该饮品与用户当前的【无明显不适、低落、温热】较匹配，同时兼顾【无】与【热饮】，适合作为当前场景下的个性化饮品推荐。,低落、想安抚、温热
REC121,S041,U041,R019,荔枝白茶,1,0.2945,0.4071,0.2423,0.0,0.5625,1.0,0.0,0.7,0.6775,0.3936,0.553,0.553,主候选,True,,该饮品与用户当前的【睡眠不足、困倦、烦躁】较匹配，同时兼顾【咖啡因敏感】与【冷饮】，适合作为当前场景下的个性化饮品推荐。,困倦、烦躁、想提神
REC122,S041,U041,R015,桃桃乌龙,2,0.3142,0.4071,0.2423,0.0,0.5625,1.0,0.0,0.7,0.5977,0.3995,0.5526,0.5526,主候选,True,,该饮品与用户当前的【睡眠不足、困倦、烦躁】较匹配，同时兼顾【咖啡因敏感】与【冷饮】，适合作为当前场景下的个性化饮品推荐。,困倦、烦躁、想提神
REC123,S041,U041,R003,葡萄柠檬茉莉花茶,3,0.1741,0.4078,0.2447,0.0,0.5625,1.0,0.0,0.7,0.9864,0.3491,0.5443,0.5443,主候选,True,,该饮品与用户当前的【睡眠不足、困倦、烦躁】较匹配，同时兼顾【咖啡因敏感】与【冷饮】，适合作为当前场景下的个性化饮品推荐。,困倦、烦躁、想提神
REC124,S042,U042,R071,金银花菊花茶,1,0.0741,0.3067,0.1614,0.0,0.0556,1.0,0.0,1.0,0.9741,0.2931,0.5037,0.5037,主候选,True,,该饮品与用户当前的【疲惫、紧张、专注】较匹配，同时兼顾【咖啡因敏感】与【常温】，适合作为当前场景下的个性化饮品推荐。,疲惫、紧张
REC125,S042,U042,R078,百合玫瑰茶,2,0.106,0.3071,0.1625,0.0,0.0556,1.0,0.0,1.0,0.6063,0.2908,0.4857,0.4857,主候选,True,,该饮品与用户当前的【疲惫、紧张、专注】较匹配，同时兼顾【咖啡因敏感】与【常温】，适合作为当前场景下的个性化饮品推荐。,疲惫、紧张
REC126,S042,U042,R069,玫瑰菊花茶,3,0.0272,0.3061,0.1593,0.0,0.0556,1.0,0.0,1.0,0.6207,0.2518,0.466,0.466,主候选,True,,该饮品与用户当前的【疲惫、紧张、专注】较匹配，同时兼顾【咖啡因敏感】与【常温】，适合作为当前场景下的个性化饮品推荐。,疲惫、紧张
REC127,S043,U043,R021,芝士奶盖铁观音,1,0.0568,0.2806,0.0663,0.0,0.0714,1.0,0.0,0.7,0.9252,0.2429,0.4643,0.4643,主候选,True,,该饮品与用户当前的【无明显不适、紧张、想自信】较匹配，同时兼顾【无】与【常温】，适合作为当前场景下的个性化饮品推荐。,清爽
REC128,S043,U043,R018,茉莉苹果奶绿,2,0.0889,0.2798,0.0638,0.0,0.0714,1.0,0.0,0.7,0.6514,0.245,0.4522,0.4522,主候选,True,,该饮品与用户当前的【无明显不适、紧张、想自信】较匹配，同时兼顾【无】与【常温】，适合作为当前场景下的个性化饮品推荐。,清爽
REC129,S043,U043,R072,菊花柠檬茶,3,-0.0481,0.2862,0.093,0.0,0.0556,1.0,0.0,1.0,0.9839,0.2253,0.4659,0.4659,兜底补足,True,,该饮品与用户当前的【无明显不适、紧张、想自信】较匹配，同时兼顾【无】与【常温】，适合作为当前场景下的个性化饮品推荐。,紧张、清爽
REC130,S044,U044,R068,玫瑰椰椰烤奶,1,0.0588,0.3413,0.2687,0.0,0.0714,1.0,0.0,1.0,0.6014,0.2789,0.4794,0.4794,主候选,True,,该饮品与用户当前的【疲惫、低落、想安抚】较匹配，同时兼顾【乳糖不耐】与【温热】，适合作为当前场景下的个性化饮品推荐。,疲惫、低落、想安抚
REC131,S044,U044,R030,焙茶豆乳,2,0.0302,0.3384,0.2635,0.0,0.0625,1.0,0.0,1.0,0.6798,0.2675,0.4768,0.4768,主候选,True,,该饮品与用户当前的【疲惫、低落、想安抚】较匹配，同时兼顾【乳糖不耐】与【温热】，适合作为当前场景下的个性化饮品推荐。,疲惫、低落、想安抚
REC132,S044,U044,R066,燕麦奶热可可,3,-0.1222,0.336,0.2555,0.0,0.0625,1.0,0.0,1.0,0.8562,0.1993,0.4306,0.4306,兜底补足,True,,该饮品与用户当前的【疲惫、低落、想安抚】较匹配，同时兼顾【乳糖不耐】与【温热】，适合作为当前场景下的个性化饮品推荐。,疲惫、低落、想安抚
REC133,S045,U045,R078,百合玫瑰茶,1,0.4476,0.4433,0.2,0.25,0.5556,1.0,0.0,1.0,0.9315,0.5255,0.6272,0.6272,主候选,True,,该饮品与用户当前的【无明显不适、烦躁、想放松】较匹配，同时兼顾【咖啡因敏感】与【热饮】，适合作为当前场景下的个性化饮品推荐。,烦躁、想放松、温热
REC134,S045,U045,R069,玫瑰菊花茶,2,0.4006,0.4417,0.1944,0.25,0.5556,1.0,0.0,1.0,0.9487,0.5023,0.6175,0.6175,主候选,True,,该饮品与用户当前的【无明显不适、烦躁、想放松】较匹配，同时兼顾【咖啡因敏感】与【热饮】，适合作为当前场景下的个性化饮品推荐。,烦躁、想放松、温热
REC135,S045,U045,R071,金银花菊花茶,3,0.3854,0.4328,0.1981,0.2,0.5556,1.0,0.0,1.0,0.7067,0.4795,0.5961,0.5961,主候选,True,,该饮品与用户当前的【无明显不适、烦躁、想放松】较匹配，同时兼顾【咖啡因敏感】与【热饮】，适合作为当前场景下的个性化饮品推荐。,烦躁、想放松、温热
REC136,S046,U046,R066,燕麦奶热可可,1,0.1463,0.3328,0.2447,0.0,0.0625,1.0,0.0,1.0,0.5091,0.3151,0.4922,0.4922,主候选,True,,该饮品与用户当前的【疲惫、放松、想满足】较匹配，同时兼顾【乳糖不耐、控糖】与【常温】，适合作为当前场景下的个性化饮品推荐。,疲惫、放松、想满足
REC137,S046,U046,R067,杏仁奶热可可,2,0.1368,0.3328,0.2447,0.0,0.0625,1.0,0.0,1.0,0.5067,0.3102,0.4897,0.4897,主候选,True,,该饮品与用户当前的【疲惫、放松、想满足】较匹配，同时兼顾【乳糖不耐、控糖】与【常温】，适合作为当前场景下的个性化饮品推荐。,疲惫、放松、想满足
REC138,S046,U046,R012,鲜橙养乐多,3,-0.0103,0.3271,0.2258,0.0,0.0625,1.0,0.0,0.7,0.7386,0.2163,0.4364,0.4364,兜底补足,True,,该饮品与用户当前的【疲惫、放松、想满足】较匹配，同时兼顾【乳糖不耐、控糖】与【常温】，适合作为当前场景下的个性化饮品推荐。,疲惫、放松、想满足
REC139,S047,U047,R015,桃桃乌龙,1,0.0924,0.3092,0.1661,0.0,0.0625,1.0,0.0,0.7,0.9582,0.2723,0.4808,0.4808,主候选,True,,该饮品与用户当前的【疲惫、紧张、提神】较匹配，同时兼顾【夜间慎用高咖啡因】与【常温】，适合作为当前场景下的个性化饮品推荐。,疲惫、提神
REC140,S047,U047,R019,荔枝白茶,2,0.0743,0.3123,0.1765,0.0,0.0625,1.0,0.0,0.7,0.9642,0.2646,0.4721,0.4721,主候选,True,,该饮品与用户当前的【疲惫、紧张、提神】较匹配，同时兼顾【夜间慎用高咖啡因】与【常温】，适合作为当前场景下的个性化饮品推荐。,疲惫、提神
REC141,S047,U047,R018,茉莉苹果奶绿,3,0.0947,0.319,0.1989,0.0,0.0625,1.0,0.0,0.7,0.7761,0.2678,0.4696,0.4696,主候选,True,,该饮品与用户当前的【疲惫、紧张、提神】较匹配，同时兼顾【夜间慎用高咖啡因】与【常温】，适合作为当前场景下的个性化饮品推荐。,疲惫、提神
REC142,S048,U048,R012,鲜橙养乐多,1,0.1247,0.4184,0.2488,0.0,0.625,1.0,0.0,0.7,0.9498,0.3263,0.534,0.534,主候选,True,,该饮品与用户当前的【无明显不适、烦躁、想释放】较匹配，同时兼顾【胃敏感慎用】与【冷饮】，适合作为当前场景下的个性化饮品推荐。,烦躁、想释放
REC143,S048,U048,R017,柠迭莓萝气泡水,2,-0.0345,0.4106,0.2229,0.0,0.625,1.0,0.0,0.3,0.8014,0.1965,0.4551,0.4551,兜底补足,True,,该饮品与用户当前的【无明显不适、烦躁、想释放】较匹配，同时兼顾【胃敏感慎用】与【冷饮】，适合作为当前场景下的个性化饮品推荐。,烦躁、想释放
REC144,S048,U048,R024,柠檬草薄荷气泡水,3,-0.1651,0.4088,0.2169,0.0,0.625,1.0,0.0,0.7,0.8273,0.1719,0.4541,0.4541,兜底补足,True,,该饮品与用户当前的【无明显不适、烦躁、想释放】较匹配，同时兼顾【胃敏感慎用】与【冷饮】，适合作为当前场景下的个性化饮品推荐。,烦躁、想释放
REC145,S049,U049,R014,蓝莓奶昔,1,0.2755,0.3927,0.1944,0.0,0.5625,1.0,0.0,0.7,0.7378,0.3821,0.5493,0.5493,主候选,True,,该饮品与用户当前的【运动后、轻补充、想满足】较匹配，同时兼顾【无】与【冷饮】，适合作为当前场景下的个性化饮品推荐。,轻补充、想满足、清爽
REC146,S049,U049,R013,草莓奶昔,2,0.2253,0.3938,0.1937,0.0,0.5714,1.0,0.0,0.7,0.8693,0.3639,0.5463,0.5463,主候选,True,,该饮品与用户当前的【运动后、轻补充、想满足】较匹配，同时兼顾【无】与【冷饮】，适合作为当前场景下的个性化饮品推荐。,轻补充、想满足、清爽
REC147,S049,U049,R016,芒果奶昔,3,0.2247,0.3923,0.193,0.0,0.5625,1.0,0.0,0.7,0.6026,0.3498,0.5284,0.5284,主候选,True,,该饮品与用户当前的【运动后、轻补充、想满足】较匹配，同时兼顾【无】与【冷饮】，适合作为当前场景下的个性化饮品推荐。,轻补充、想满足、清爽
REC148,S050,U050,R078,百合玫瑰茶,1,0.1623,0.4479,0.1875,0.25,0.6111,1.0,0.0,1.0,0.9749,0.3867,0.5671,0.5671,主候选,True,,该饮品与用户当前的【无明显不适、低落、陪伴】较匹配，同时兼顾【乳糖不耐】与【热饮】，适合作为当前场景下的个性化饮品推荐。,低落、陪伴、温热
REC149,S050,U050,R066,燕麦奶热可可,2,0.2107,0.448,0.2213,0.2,0.6111,1.0,0.0,1.0,0.7483,0.3995,0.5624,0.5624,主候选,True,,该饮品与用户当前的【无明显不适、低落、陪伴】较匹配，同时兼顾【乳糖不耐】与【热饮】，适合作为当前场景下的个性化饮品推荐。,低落、陪伴、温热
REC150,S050,U050,R067,杏仁奶热可可,3,0.1693,0.4448,0.2105,0.2,0.6111,1.0,0.0,1.0,0.7396,0.3773,0.5513,0.5513,主候选,True,,该饮品与用户当前的【无明显不适、低落、陪伴】较匹配，同时兼顾【乳糖不耐】与【热饮】，适合作为当前场景下的个性化饮品推荐。,低落、陪伴、温热
