session_id,user_id,地点/场景,身体状态标签,心情状态标签,口味偏好,冷热偏好,饮食限制,推荐方向
S001,U001,图书馆/自习室,疲劳、困倦,低落,清爽、茶香、果香,冷饮,低糖、咖啡因敏感慎用,低糖冷饮清爽茶香型
S002,U002,家/宿舍,困倦、疲劳,低落,奶香、甜感,热饮,乳糖不耐慎用,乳糖不耐慎用热饮奶香甜感型
S003,U003,商场/商业街,良好,开心,清爽、果香、甜感,冷饮,,冷饮清爽果香型
S004,U004,图书馆/自习室,困倦,紧张,清爽、花香,常温,咖啡因敏感慎用,咖啡因敏感慎用常温清爽花香型
S005,U005,图书馆/自习室,良好,低落,清爽,热饮,低糖、低刺激,低糖热饮清爽型
S006,U006,家/宿舍、图书馆/自习室,疲劳,烦躁,清爽、果香,冷饮,低糖、咖啡因敏感慎用,低糖冷饮清爽果香型
S007,U007,健身房/运动场,疲劳、口渴,开心,果香、酸感、甜感,冷饮,低糖,低糖冷饮果香酸感型
S008,U008,家/宿舍,疲劳,低落,花香,热饮,低糖,低糖热饮花香型
S009,U009,地铁/公交/车站、公园/户外,疲劳、感觉有点冷,平静,茶香,热饮,,热饮茶香型
S010,U010,商场/商业街,良好,开心,清爽、果香、酸感,常温,低糖、低刺激,低糖常温清爽果香型
S011,U011,商场/商业街,良好,烦躁,清爽、果香、酸感,冷饮,,冷饮清爽果香型
S012,U012,学校/教学楼,良好,紧张,清爽、花香,热饮,低刺激、咖啡因敏感慎用,低刺激热饮清爽花香型
S013,U013,图书馆/自习室,疲劳,低落,甜感,热饮,低糖、乳糖不耐慎用,低糖热饮甜感型
S014,U014,商场/商业街,良好,紧张,清爽、茶香,冷饮,低糖,低糖冷饮清爽茶香型
S015,U015,家/宿舍,困倦、疲劳,烦躁,清爽,热饮,低糖、咖啡因敏感慎用,低糖热饮清爽型
S016,U016,家/宿舍,疲劳,低落,清爽、果香、酸感,热饮,低刺激,低刺激热饮清爽果香型
S017,U017,图书馆/自习室、公园/户外,感觉有点冷,烦躁,清爽,热饮,低刺激,低刺激热饮清爽型
S018,U018,家/宿舍,良好、疲劳,紧张,茶香,常温,低糖、咖啡因敏感慎用,低糖常温茶香型
S019,U019,家/宿舍,良好、疲劳,低落,果香、甜感,常温,,常温果香甜感型
S020,U020,商场/商业街、公园/户外,疲劳、感觉有点热,平静,清爽,冷饮,低糖,低糖冷饮清爽型
S021,U021,图书馆/自习室,疲劳,低落,清爽,热饮,,热饮清爽型
S022,U022,家/宿舍,疲劳,开心,清爽,常温,低糖、低刺激,低糖常温清爽型
S023,U023,家/宿舍,良好、疲劳,烦躁,奶香,热饮,乳糖不耐慎用,乳糖不耐慎用热饮奶香型
S024,U024,图书馆/自习室,疲劳,平静,清爽,热饮,低糖,低糖热饮清爽型
S025,U025,地铁/公交/车站,良好,烦躁,清爽,常温,,常温清爽型
S026,U026,商场/商业街,良好,紧张,清爽,常温,咖啡因敏感慎用,咖啡因敏感慎用常温清爽型
S027,U027,图书馆/自习室,疲劳,平静,果香、酸感、甜感,常温,,常温果香酸感型
S028,U028,图书馆/自习室,良好,紧张,茶香,热饮,低糖、咖啡因敏感慎用,低糖热饮茶香型
S029,U029,商场/商业街,良好,平静,咖啡香、苦感,热饮,低糖,低糖热饮咖啡香苦感型
S030,U030,家/宿舍,良好、疲劳,低落,花香,热饮,,热饮花香型
S031,U031,家/宿舍,疲劳,低落,清爽、果香,冷饮,低糖,低糖冷饮清爽果香型
S032,U032,家/宿舍,困倦、疲劳,平静,清爽、果香,冷饮,,冷饮清爽果香型
S033,U033,图书馆/自习室,困倦,平静,酸感、甜感,冷饮,低糖、咖啡因敏感慎用,低糖冷饮酸感甜感型
S034,U034,健身房/运动场,疲劳、口渴,平静,清爽,冷饮,低糖,低糖冷饮清爽型
S035,U035,家/宿舍,疲劳,平静,清爽,热饮,低糖,低糖热饮清爽型
S036,U036,家/宿舍,疲劳,烦躁,清爽,热饮,低刺激,低刺激热饮清爽型
S037,U037,商场/商业街,良好,开心,果香、花香、甜感,常温,低刺激,低刺激常温果香花香型
S038,U038,家/宿舍,良好、疲劳,烦躁,清爽,热饮,乳糖不耐慎用,乳糖不耐慎用热饮清爽型
S039,U039,图书馆/自习室,良好,平静,奶香、茶香,冷饮,低糖,低糖冷饮茶香奶香型
S040,U040,图书馆/自习室,良好,低落,清爽,热饮,,热饮清爽型
S041,U041,图书馆/自习室,困倦,烦躁,茶香,冷饮,低糖、咖啡因敏感慎用,低糖冷饮茶香型
S042,U042,学校/教学楼、图书馆/自习室,疲劳,紧张,茶香,常温,低糖、咖啡因敏感慎用,低糖常温茶香型
S043,U043,学校/教学楼、图书馆/自习室,良好,紧张,清爽、果香、花香,常温,,常温清爽果香型
S044,U044,家/宿舍、商场/商业街,疲劳,低落,奶香、花香,热饮,低糖、乳糖不耐慎用,低糖热饮奶香花香型
S045,U045,地铁/公交/车站,良好,烦躁,茶香、花香,热饮,咖啡因敏感慎用,咖啡因敏感慎用热饮茶香花香型
S046,U046,家/宿舍,疲劳,平静,甜感,常温,低糖、乳糖不耐慎用,低糖常温甜感型
S047,U047,家/宿舍、图书馆/自习室,疲劳,紧张,清爽、果香、花香,常温,低糖、咖啡因敏感慎用,低糖常温清爽果香型
S048,U048,图书馆/自习室,良好,烦躁,清爽、酸感、甜感,热饮,低刺激,低刺激热饮清爽酸感型
S049,U049,家/宿舍、健身房/运动场,疲劳、口渴,开心,清爽、果香,冷饮,低糖,低糖冷饮清爽果香型
S050,U050,家/宿舍,良好、疲劳,低落,奶香,热饮,乳糖不耐慎用,乳糖不耐慎用热饮奶香型
S051,U051,地铁/公交/车站、公园/户外,困倦、感觉有点冷,紧张,咖啡香、苦感、清爽,热饮,低糖,低糖热饮清爽咖啡香型
S052,U052,公园/户外,感觉有点冷,平静,花香、清爽,热饮,低刺激,低刺激热饮清爽花香型
S053,U053,学校/教学楼、地铁/公交/车站,困倦,烦躁,茶香、清爽,冷饮,咖啡因敏感慎用,咖啡因敏感慎用冷饮清爽茶香型
S054,U054,图书馆/自习室、公园/户外,疲劳、感觉有点热,烦躁,清爽、茶香,冷饮,低糖,低糖冷饮清爽茶香型
S055,U055,健身房/运动场、地铁/公交/车站,疲劳、口渴,烦躁,酸感、气泡感,冷饮,低糖、咖啡因敏感慎用,低糖冷饮气泡感酸感型
S056,U056,商场/商业街,疲劳,烦躁,奶香、甜感,冷饮,,冷饮奶香甜感型
S057,U057,家/宿舍、公园/户外,困倦、感觉有点冷,平静,茶香、清爽,热饮,咖啡因敏感慎用,咖啡因敏感慎用热饮清爽茶香型
S058,U058,家/宿舍、学校/教学楼、图书馆/自习室,疲劳、困倦,平静,茶香、清爽,冷饮,低糖、咖啡因敏感慎用,低糖冷饮清爽茶香型
S059,U059,商场/商业街,良好,开心,果香、酸感、清爽,热饮,低糖、低刺激,低糖热饮清爽果香型
S060,U060,地铁/公交/车站,良好,开心,花香,热饮,乳糖不耐慎用,乳糖不耐慎用热饮花香型
S061,U061,学校/教学楼,良好,紧张,清爽、果香,热饮,低糖、低刺激,低糖热饮清爽果香型
S062,U062,学校/教学楼、图书馆/自习室,良好,开心,茶香、苦感、清爽,冷饮,咖啡因敏感慎用,咖啡因敏感慎用冷饮清爽茶香型
S063,U063,家/宿舍,疲劳,低落,茶香、清爽,热饮,乳糖不耐慎用,乳糖不耐慎用热饮清爽茶香型
S064,U064,地铁/公交/车站,困倦,烦躁,果香、花香、清爽,冷饮,低糖,低糖冷饮清爽果香型
S065,U065,地铁/公交/车站、公园/户外,困倦、感觉有点热,紧张,清爽、茶香,冷饮,低糖,低糖冷饮清爽茶香型
S066,U066,图书馆/自习室,良好,紧张,清爽,热饮,低刺激、咖啡因敏感慎用,低刺激热饮清爽型
S067,U067,学校/教学楼、图书馆/自习室,困倦,紧张,清爽、果香、酸感,热饮,咖啡因敏感慎用,咖啡因敏感慎用热饮清爽果香型
S068,U068,商场/商业街、公园/户外,感觉有点热,平静,清爽、茶香,冷饮,低糖,低糖冷饮清爽茶香型
S069,U069,健身房/运动场、地铁/公交/车站,疲劳、口渴,开心,清爽、果香,冷饮,咖啡因敏感慎用,咖啡因敏感慎用冷饮清爽果香型
S070,U070,家/宿舍、商场/商业街、公园/户外,感觉有点热、疲劳,平静,奶香、甜感,热饮,低刺激、乳糖不耐慎用,低刺激热饮奶香甜感型
S071,U071,家/宿舍,疲劳,低落,花香、清爽,热饮,低刺激、咖啡因敏感慎用,低刺激热饮清爽花香型
S072,U072,家/宿舍、学校/教学楼,困倦、疲劳,开心,茶香、清爽,冷饮,咖啡因敏感慎用,咖啡因敏感慎用冷饮清爽茶香型
S073,U073,家/宿舍、图书馆/自习室,疲劳,平静,清爽,冷饮,低糖,低糖冷饮清爽型
S074,U074,家/宿舍、地铁/公交/车站,疲劳,平静,清爽、茶香,冷饮,低糖、咖啡因敏感慎用、乳糖不耐慎用,低糖冷饮清爽茶香型
S075,U075,家/宿舍,疲劳,开心,清爽,热饮,低刺激,低刺激热饮清爽型
S076,U076,家/宿舍、学校/教学楼、图书馆/自习室,疲劳,紧张,花香、清爽,热饮,咖啡因敏感慎用,咖啡因敏感慎用热饮清爽花香型
S077,U077,商场/商业街,良好,平静,清爽,热饮,乳糖不耐慎用,乳糖不耐慎用热饮清爽型
S078,U078,家/宿舍、图书馆/自习室,疲劳,紧张,果香、花香、清爽,冷饮,低糖、咖啡因敏感慎用,低糖冷饮清爽果香型
S079,U079,地铁/公交/车站、公园/户外,疲劳、困倦,紧张,清爽、茶香,热饮,咖啡因敏感慎用,咖啡因敏感慎用热饮清爽茶香型
S080,U080,地铁/公交/车站、公园/户外,感觉有点冷,紧张,奶香、清爽,热饮,低刺激、咖啡因敏感慎用,低刺激热饮清爽奶香型
S081,U081,学校/教学楼,困倦,紧张,清爽、果香、酸感,热饮,低糖,低糖热饮清爽果香型
S082,U082,商场/商业街、公园/户外,疲劳、感觉有点热,开心,清爽、茶香,冷饮,低糖、咖啡因敏感慎用,低糖冷饮清爽茶香型
S083,U083,健身房/运动场、商场/商业街,疲劳、口渴,烦躁,清爽、果香,冷饮,,冷饮清爽果香型
S084,U084,商场/商业街、地铁/公交/车站,良好,平静,果香、气泡感,热饮,低刺激、乳糖不耐慎用,低刺激热饮果香气泡感型
S085,U085,家/宿舍、公园/户外,困倦、感觉有点冷,低落,花香、清爽,热饮,低刺激、咖啡因敏感慎用,低刺激热饮清爽花香型
S086,U086,家/宿舍、学校/教学楼、图书馆/自习室,困倦、疲劳,烦躁,茶香、清爽,热饮,低刺激、咖啡因敏感慎用,低刺激热饮清爽茶香型
S087,U087,公园/户外,感觉有点热,平静,清爽、茶香,热饮,低糖、低刺激,低糖热饮清爽茶香型
S088,U088,家/宿舍,疲劳,开心,果香、甜感,热饮,低刺激、咖啡因敏感慎用、乳糖不耐慎用,低刺激热饮果香甜感型
S089,U089,商场/商业街,疲劳,烦躁,清爽,热饮,低刺激,低刺激热饮清爽型
S090,U090,学校/教学楼、图书馆/自习室,困倦,烦躁,花香、清爽,热饮,咖啡因敏感慎用,咖啡因敏感慎用热饮清爽花香型
S091,U091,地铁/公交/车站,良好,平静,花香,热饮,低刺激,低刺激热饮花香型
S092,U092,健身房/运动场,困倦、口渴,紧张,清爽、茶香,冷饮,低糖,低糖冷饮清爽茶香型
S093,U093,地铁/公交/车站、公园/户外,疲劳、困倦,紧张,茶香、苦感,冷饮,低糖,低糖冷饮茶香苦感型
S094,U094,图书馆/自习室,良好,平静,茶香、清爽,热饮,低刺激、咖啡因敏感慎用,低刺激热饮清爽茶香型
S095,U095,学校/教学楼、地铁/公交/车站,困倦,烦躁,清爽、茶香、苦感,热饮,低糖、咖啡因敏感慎用,低糖热饮清爽茶香型
S096,U096,地铁/公交/车站、公园/户外,感觉有点热,开心,清爽、果香、酸感,冷饮,低糖,低糖冷饮清爽果香型
S097,U097,健身房/运动场、商场/商业街,疲劳、口渴,烦躁,清爽、果香,冷饮,低糖、咖啡因敏感慎用,低糖冷饮清爽果香型
S098,U098,家/宿舍、商场/商业街、公园/户外,疲劳、感觉有点热,开心,奶香、甜感,冷饮,咖啡因敏感慎用、乳糖不耐慎用,咖啡因敏感慎用冷饮奶香甜感型
S099,U099,家/宿舍、图书馆/自习室,困倦、疲劳,平静,花香、清爽,热饮,咖啡因敏感慎用,咖啡因敏感慎用热饮清爽花香型
S100,U100,公园/户外,困倦、感觉有点热,烦躁,清爽、茶香,热饮,低糖、低刺激,低糖热饮清爽茶香型
S101,U101,家/宿舍,疲劳,开心,清爽,热饮,乳糖不耐慎用,乳糖不耐慎用热饮清爽型
S102,U102,图书馆/自习室,良好,烦躁,花香,热饮,低糖、低刺激,低糖热饮花香型
S103,U103,家/宿舍、图书馆/自习室,疲劳,紧张,清爽、茶香,热饮,低糖、咖啡因敏感慎用,低糖热饮清爽茶香型
S104,U104,图书馆/自习室,良好,平静,花香,热饮,低糖,低糖热饮花香型
S105,U105,图书馆/自习室,良好,开心,果香、气泡感,冷饮,咖啡因敏感慎用,咖啡因敏感慎用冷饮果香气泡感型
S106,U106,地铁/公交/车站、公园/户外,困倦、感觉有点冷,烦躁,清爽、果香、酸感,热饮,低糖、咖啡因敏感慎用,低糖热饮清爽果香型
S107,U107,学校/教学楼,良好,平静,花香、清爽,热饮,低刺激、咖啡因敏感慎用,低刺激热饮清爽花香型
S108,U108,学校/教学楼、地铁/公交/车站,疲劳、困倦,烦躁,清爽、茶香、苦感,热饮,咖啡因敏感慎用,咖啡因敏感慎用热饮清爽茶香型
S109,U109,图书馆/自习室、公园/户外,疲劳、感觉有点热,烦躁,清爽、果香、酸感,冷饮,,冷饮清爽果香型
S110,U110,健身房/运动场、地铁/公交/车站,疲劳、口渴,平静,清爽、果香,冷饮,低糖,低糖冷饮清爽果香型
S111,U111,家/宿舍、商场/商业街,疲劳,开心,果香、甜感,热饮,咖啡因敏感慎用,咖啡因敏感慎用热饮果香甜感型
S112,U112,家/宿舍,疲劳,低落,茶香、花香、清爽,热饮,咖啡因敏感慎用,咖啡因敏感慎用热饮清爽茶香型
S113,U113,家/宿舍、学校/教学楼,困倦、疲劳,开心,清爽、果香、酸感,冷饮,低糖、咖啡因敏感慎用,低糖冷饮清爽果香型
S114,U114,家/宿舍,疲劳,烦躁,果香、酸感、清爽,冷饮,低糖,低糖冷饮清爽果香型
S115,U115,商场/商业街,良好,平静,清爽,热饮,低刺激、乳糖不耐慎用,低刺激热饮清爽型
S116,U116,家/宿舍,疲劳,平静,清爽,热饮,低糖、低刺激,低糖热饮清爽型
S117,U117,地铁/公交/车站,困倦,烦躁,茶香、苦感、清爽,热饮,咖啡因敏感慎用,咖啡因敏感慎用热饮清爽茶香型
S118,U118,公园/户外,疲劳、感觉有点冷,烦躁,清爽,热饮,低糖,低糖热饮清爽型
S119,U119,公园/户外,疲劳、感觉有点热,开心,果香、花香、清爽,冷饮,咖啡因敏感慎用,咖啡因敏感慎用冷饮清爽果香型
S120,U120,地铁/公交/车站,困倦,开心,茶香、苦感,冷饮,咖啡因敏感慎用,咖啡因敏感慎用冷饮茶香苦感型
S121,U121,学校/教学楼,良好,紧张,茶香、清爽,热饮,低刺激、咖啡因敏感慎用,低刺激热饮清爽茶香型
S122,U122,图书馆/自习室,疲劳、困倦,烦躁,咖啡香、苦感,热饮,低糖,低糖热饮咖啡香苦感型
S123,U123,公园/户外,疲劳、感觉有点热,平静,清爽、茶香,冷饮,,冷饮清爽茶香型
S124,U124,健身房/运动场、地铁/公交/车站,疲劳、口渴,烦躁,酸感、气泡感,冷饮,低糖,低糖冷饮气泡感酸感型
S125,U125,家/宿舍、商场/商业街,疲劳,开心,果香、甜感,冷饮,低糖、乳糖不耐慎用,低糖冷饮果香甜感型
S126,U126,家/宿舍、图书馆/自习室,困倦、疲劳,平静,花香、清爽,热饮,咖啡因敏感慎用,咖啡因敏感慎用热饮清爽花香型
S127,U127,家/宿舍、图书馆/自习室,困倦、疲劳,平静,清爽、花香,热饮,咖啡因敏感慎用,咖啡因敏感慎用热饮清爽花香型
S128,U128,家/宿舍,疲劳,平静,清爽,冷饮,低糖、咖啡因敏感慎用,低糖冷饮清爽型
S129,U129,公园/户外,感觉有点冷,平静,果香、甜感,热饮,低糖、乳糖不耐慎用,低糖热饮果香甜感型
S130,U130,公园/户外,感觉有点热,紧张,花香,热饮,低糖、低刺激,低糖热饮花香型
S131,U131,家/宿舍、地铁/公交/车站,疲劳,烦躁,花香、清爽,冷饮,咖啡因敏感慎用,咖啡因敏感慎用冷饮清爽花香型
S132,U132,家/宿舍,疲劳,平静,花香,热饮,低糖、咖啡因敏感慎用、乳糖不耐慎用,低糖热饮花香型
S133,U133,图书馆/自习室,疲劳,烦躁,清爽、茶香,冷饮,咖啡因敏感慎用,咖啡因敏感慎用冷饮清爽茶香型
S134,U134,地铁/公交/车站、公园/户外,疲劳、困倦,平静,清爽、果香、酸感,冷饮,咖啡因敏感慎用,咖啡因敏感慎用冷饮清爽果香型
S135,U135,地铁/公交/车站、公园/户外,感觉有点冷,平静,茶香、清爽,热饮,低刺激、咖啡因敏感慎用,低刺激热饮清爽茶香型
S136,U136,图书馆/自习室,困倦,平静,咖啡香、苦感,冷饮,低糖,低糖冷饮咖啡香苦感型
S137,U137,商场/商业街、公园/户外,疲劳、感觉有点热,开心,清爽、茶香,冷饮,低糖、咖啡因敏感慎用,低糖冷饮清爽茶香型
S138,U138,健身房/运动场、商场/商业街,疲劳、口渴,烦躁,清爽、果香,冷饮,,冷饮清爽果香型
S139,U139,商场/商业街,良好,开心,奶香、甜感,热饮,低糖、乳糖不耐慎用,低糖热饮奶香甜感型
S140,U140,家/宿舍、公园/户外,困倦、感觉有点冷,平静,茶香、清爽,热饮,低刺激、咖啡因敏感慎用,低刺激热饮清爽茶香型
S141,U141,家/宿舍、学校/教学楼,困倦、疲劳,平静,清爽、花香,冷饮,咖啡因敏感慎用,咖啡因敏感慎用冷饮清爽花香型
S142,U142,图书馆/自习室,疲劳,平静,清爽,冷饮,低糖,低糖冷饮清爽型
S143,U143,图书馆/自习室,良好,平静,清爽、茶香,热饮,低刺激、乳糖不耐慎用,低刺激热饮清爽茶香型
S144,U144,家/宿舍,疲劳,平静,茶香、清爽,热饮,低刺激,低刺激热饮清爽茶香型
S145,U145,学校/教学楼,疲劳,开心,茶香、苦感、清爽,热饮,咖啡因敏感慎用,咖啡因敏感慎用热饮清爽茶香型
S146,U146,家/宿舍,疲劳,平静,清爽,热饮,低刺激、乳糖不耐慎用,低刺激热饮清爽型
S147,U147,家/宿舍、健身房/运动场,困倦、口渴,烦躁,清爽、茶香,冷饮,咖啡因敏感慎用,咖啡因敏感慎用冷饮清爽茶香型
S148,U148,地铁/公交/车站、公园/户外,疲劳、困倦,烦躁,清爽、果香、酸感,冷饮,咖啡因敏感慎用,咖啡因敏感慎用冷饮清爽果香型
S149,U149,地铁/公交/车站、公园/户外,疲劳、感觉有点冷,低落,奶香、清爽,热饮,低刺激,低刺激热饮清爽奶香型
S150,U150,地铁/公交/车站、公园/户外,疲劳、感觉有点热,平静,清爽、茶香,冷饮,低糖,低糖冷饮清爽茶香型
S151,U151,健身房/运动场,疲劳、口渴,烦躁,清爽、茶香,冷饮,低糖,低糖冷饮清爽茶香型
S152,U152,家/宿舍、商场/商业街、公园/户外,感觉有点冷、疲劳,平静,清爽,热饮,低糖,低糖热饮清爽型
S153,U153,家/宿舍,疲劳,平静,奶香、甜感,热饮,低刺激、咖啡因敏感慎用,低刺激热饮奶香甜感型
S154,U154,家/宿舍、图书馆/自习室,疲劳、困倦,烦躁,茶香、清爽,冷饮,低糖、咖啡因敏感慎用,低糖冷饮清爽茶香型
S155,U155,家/宿舍,疲劳,平静,清爽、茶香,热饮,低糖、低刺激,低糖热饮清爽茶香型
S156,U156,家/宿舍、地铁/公交/车站,疲劳,平静,清爽,热饮,低刺激、咖啡因敏感慎用、乳糖不耐慎用,低刺激热饮清爽型
S157,U157,图书馆/自习室,良好,开心,清爽,热饮,低糖、低刺激,低糖热饮清爽型
S158,U158,学校/教学楼、图书馆/自习室,困倦,紧张,花香、清爽,热饮,咖啡因敏感慎用,咖啡因敏感慎用热饮清爽花香型
S159,U159,家/宿舍,疲劳,低落,奶香、甜感,热饮,低刺激、咖啡因敏感慎用,低刺激热饮奶香甜感型
S160,U160,图书馆/自习室,良好,烦躁,清爽、茶香,冷饮,咖啡因敏感慎用,咖啡因敏感慎用冷饮清爽茶香型
S161,U161,地铁/公交/车站、公园/户外,困倦、感觉有点冷,烦躁,清爽、果香、酸感,热饮,低糖、咖啡因敏感慎用,低糖热饮清爽果香型
S162,U162,学校/教学楼,疲劳,平静,花香、清爽,热饮,低刺激,低刺激热饮清爽花香型
S163,U163,图书馆/自习室,疲劳、困倦,烦躁,清爽、果香、酸感,热饮,咖啡因敏感慎用,咖啡因敏感慎用热饮清爽果香型
S164,U164,图书馆/自习室、公园/户外,感觉有点热,开心,果香、气泡感,冷饮,低糖,低糖冷饮果香气泡感型
S165,U165,健身房/运动场,疲劳、口渴,平静,清爽、果香,冷饮,低糖、咖啡因敏感慎用,低糖冷饮清爽果香型
S166,U166,商场/商业街、公园/户外,疲劳、感觉有点热,平静,果香、甜感,冷饮,乳糖不耐慎用,乳糖不耐慎用冷饮果香甜感型
S167,U167,家/宿舍、公园/户外,疲劳、感觉有点冷,低落,花香、清爽,热饮,低刺激、咖啡因敏感慎用,低刺激热饮清爽花香型
S168,U168,家/宿舍、学校/教学楼,困倦、疲劳,紧张,清爽、果香、酸感,热饮,咖啡因敏感慎用,咖啡因敏感慎用热饮清爽果香型
S169,U169,家/宿舍,疲劳,烦躁,果香、酸感、清爽,热饮,低糖、低刺激,低糖热饮清爽果香型
S170,U170,家/宿舍、商场/商业街,疲劳,平静,清爽、茶香,热饮,咖啡因敏感慎用、乳糖不耐慎用,咖啡因敏感慎用热饮清爽茶香型
S171,U171,公园/户外,感觉有点热,紧张,茶香、清爽,热饮,低糖、低刺激,低糖热饮清爽茶香型
S172,U172,学校/教学楼、图书馆/自习室,困倦,紧张,花香、清爽,热饮,咖啡因敏感慎用,咖啡因敏感慎用热饮清爽花香型
S173,U173,公园/户外,感觉有点冷,平静,奶香、甜感,热饮,咖啡因敏感慎用、乳糖不耐慎用,咖啡因敏感慎用热饮奶香甜感型
S174,U174,家/宿舍、健身房/运动场,疲劳、口渴,烦躁,清爽、果香、酸感,冷饮,低糖、咖啡因敏感慎用,低糖冷饮清爽果香型
S175,U175,地铁/公交/车站、公园/户外,困倦、感觉有点热,开心,茶香、苦感,冷饮,低糖、咖啡因敏感慎用,低糖冷饮茶香苦感型
S176,U176,学校/教学楼,困倦,紧张,奶香、花香,热饮,低刺激,低刺激热饮奶香花香型
S177,U177,健身房/运动场、商场/商业街,疲劳、口渴,烦躁,清爽、果香,冷饮,低糖、咖啡因敏感慎用,低糖冷饮清爽果香型
S178,U178,地铁/公交/车站,疲劳,开心,茶香、苦感、清爽,热饮,低糖、咖啡因敏感慎用,低糖热饮清爽茶香型
S179,U179,学校/教学楼,良好,开心,清爽、果香、酸感,热饮,咖啡因敏感慎用,咖啡因敏感慎用热饮清爽果香型
S180,U180,家/宿舍、学校/教学楼,困倦、疲劳,烦躁,茶香、清爽,热饮,低糖、咖啡因敏感慎用,低糖热饮清爽茶香型
S181,U181,商场/商业街,良好,低落,果香、甜感,热饮,低糖、低刺激、乳糖不耐慎用,低糖热饮果香甜感型
S182,U182,家/宿舍,疲劳,平静,花香、清爽,热饮,低糖、低刺激,低糖热饮清爽花香型
S183,U183,图书馆/自习室,疲劳,紧张,茶香、清爽,热饮,低刺激,低刺激热饮清爽茶香型
S184,U184,地铁/公交/车站、公园/户外,感觉有点冷,低落,奶香、花香,热饮,低刺激,低刺激热饮奶香花香型
S185,U185,家/宿舍、商场/商业街、公园/户外,疲劳、感觉有点冷,烦躁,奶香、甜感,热饮,低糖、咖啡因敏感慎用,低糖热饮奶香甜感型
S186,U186,家/宿舍、商场/商业街,疲劳,平静,清爽,热饮,低糖、乳糖不耐慎用,低糖热饮清爽型
S187,U187,家/宿舍、学校/教学楼,疲劳,烦躁,花香、清爽,冷饮,低糖、咖啡因敏感慎用,低糖冷饮清爽花香型
S188,U188,学校/教学楼、地铁/公交/车站,疲劳,紧张,清爽、果香、酸感,冷饮,低糖,低糖冷饮清爽果香型
S189,U189,家/宿舍、学校/教学楼,困倦、疲劳,平静,花香、清爽,热饮,低刺激、咖啡因敏感慎用,低刺激热饮清爽花香型
S190,U190,健身房/运动场、商场/商业街,疲劳、口渴,烦躁,清爽、茶香,冷饮,低糖,低糖冷饮清爽茶香型
S191,U191,家/宿舍、图书馆/自习室,困倦、疲劳,紧张,清爽、果香、酸感,热饮,咖啡因敏感慎用,咖啡因敏感慎用热饮清爽果香型
S192,U192,家/宿舍、商场/商业街,疲劳,烦躁,花香、清爽,热饮,低糖、低刺激、咖啡因敏感慎用,低糖热饮清爽花香型
S193,U193,家/宿舍、学校/教学楼、图书馆/自习室,困倦、疲劳,紧张,清爽、果香、酸感,冷饮,咖啡因敏感慎用,咖啡因敏感慎用冷饮清爽果香型
S194,U194,图书馆/自习室,疲劳,烦躁,果香、酸感、清爽,冷饮,低糖,低糖冷饮清爽果香型
S195,U195,家/宿舍、商场/商业街、公园/户外,疲劳、感觉有点冷,紧张,果香、甜感,热饮,咖啡因敏感慎用,咖啡因敏感慎用热饮果香甜感型
S196,U196,地铁/公交/车站、公园/户外,感觉有点热,烦躁,果香、气泡感,冷饮,低糖,低糖冷饮果香气泡感型
S197,U197,图书馆/自习室,困倦,紧张,清爽、茶香、苦感,冷饮,低糖、咖啡因敏感慎用,低糖冷饮清爽茶香型
S198,U198,家/宿舍,疲劳,紧张,清爽,热饮,低糖、低刺激,低糖热饮清爽型
S199,U199,家/宿舍,困倦、疲劳,平静,清爽,热饮,低糖、咖啡因敏感慎用,低糖热饮清爽型
S200,U200,家/宿舍、健身房/运动场,疲劳、口渴,烦躁,清爽、茶香,热饮,低糖、咖啡因敏感慎用,低糖热饮清爽茶香型
S201,U201,地铁/公交/车站、公园/户外,困倦、感觉有点冷,紧张,茶香、苦感,热饮,,热饮茶香苦感型
S202,U202,地铁/公交/车站、公园/户外,困倦、感觉有点热,烦躁,果香、酸感、清爽,冷饮,,冷饮清爽果香型
S203,U203,学校/教学楼、图书馆/自习室,困倦,平静,咖啡香、苦感,热饮,,热饮咖啡香苦感型
S204,U204,商场/商业街、地铁/公交/车站,疲劳,开心,奶香、甜感,热饮,,热饮奶香甜感型
S205,U205,健身房/运动场、公园/户外,疲劳、感觉有点热,烦躁,果香、酸感、气泡感,冷饮,,冷饮果香气泡感型
S206,U206,学校/教学楼、公园/户外,困倦、感觉有点冷,紧张,茶香、花香、清爽,热饮,,热饮清爽茶香型
S207,U207,商场/商业街,疲劳,开心,奶香、咖啡香、苦感,热饮,,热饮奶香咖啡香型
S208,U208,图书馆/自习室,困倦,平静,清爽、茶香,热饮,,热饮清爽茶香型
S209,U209,地铁/公交/车站,困倦,平静,咖啡香、酸感、苦感,冷饮,,冷饮咖啡香酸感型
S210,U210,健身房/运动场,疲劳、口渴,烦躁,果香、清爽,冷饮,,冷饮清爽果香型
S211,U211,图书馆/自习室,疲劳,紧张,茶香、苦感、清爽,热饮,,热饮清爽茶香型
S212,U212,学校/教学楼、图书馆/自习室,困倦,烦躁,清爽、果香、酸感,冷饮,,冷饮清爽果香型
S213,U213,学校/教学楼,困倦,平静,咖啡香、苦感,冷饮,,冷饮咖啡香苦感型
S214,U214,公园/户外,疲劳、感觉有点冷,低落,奶香、甜感,热饮,,热饮奶香甜感型
S215,U215,地铁/公交/车站、公园/户外,疲劳、感觉有点热,烦躁,清爽、果香、气泡感,冷饮,,冷饮清爽果香型
S216,U216,商场/商业街,困倦,开心,奶香、咖啡香、甜感,冷饮,,冷饮奶香咖啡香型
S217,U217,图书馆/自习室,困倦,平静,茶香、清爽,热饮,,热饮清爽茶香型
S218,U218,学校/教学楼、公园/户外,疲劳、感觉有点冷,平静,花香,热饮,,热饮花香型
S219,U219,商场/商业街、地铁/公交/车站,疲劳,烦躁,果香、气泡感,冷饮,,冷饮果香气泡感型
S220,U220,公园/户外,困倦、感觉有点热,平静,茶香、酸感、清爽,冷饮,,冷饮清爽茶香型
S221,U221,家/宿舍、公园/户外,疲劳、感觉有点冷,平静,花香、清爽,热饮,,热饮清爽花香型
S222,U222,家/宿舍、商场/商业街,疲劳,开心,奶香、甜感,热饮,,热饮奶香甜感型
S223,U223,家/宿舍、图书馆/自习室,困倦、疲劳,紧张,茶香、清爽,热饮,,热饮清爽茶香型
S224,U224,家/宿舍、学校/教学楼、公园/户外,困倦、感觉有点冷,低落,花香、甜感,热饮,,热饮花香甜感型
S225,U225,家/宿舍、商场/商业街、公园/户外,疲劳、感觉有点冷,烦躁,奶香,热饮,,热饮奶香型
S226,U226,家/宿舍、健身房/运动场,疲劳、口渴,烦躁,清爽、果香,热饮,,热饮清爽果香型
S227,U227,家/宿舍、地铁/公交/车站、公园/户外,疲劳、感觉有点冷,平静,花香、清爽,热饮,,热饮清爽花香型
S228,U228,家/宿舍、学校/教学楼、图书馆/自习室,困倦、疲劳,烦躁,茶香、花香、清爽,热饮,,热饮清爽茶香型
S229,U229,家/宿舍、公园/户外,困倦、感觉有点冷,开心,甜感,热饮,,热饮甜感型
S230,U230,家/宿舍、商场/商业街,疲劳,平静,果香、甜感,热饮,,热饮果香甜感型
S231,U231,健身房/运动场、公园/户外,疲劳、感觉有点热,烦躁,清爽、果香、酸感,冷饮,,冷饮清爽果香型
S232,U232,健身房/运动场、商场/商业街,疲劳、口渴,开心,果香、气泡感,冷饮,,冷饮果香气泡感型
S233,U233,健身房/运动场、公园/户外,疲劳、感觉有点冷,平静,茶香、清爽,热饮,,热饮清爽茶香型
S234,U234,健身房/运动场、地铁/公交/车站,疲劳、口渴,烦躁,清爽,冷饮,,冷饮清爽型
S235,U235,健身房/运动场、公园/户外,疲劳、感觉有点热,平静,清爽、咖啡香、酸感,冷饮,,冷饮清爽咖啡香型
S236,U236,健身房/运动场、公园/户外,疲劳、感觉有点冷,开心,奶香,热饮,,热饮奶香型
S237,U237,健身房/运动场、商场/商业街,疲劳、口渴,烦躁,果香、酸感、气泡感,冷饮,,冷饮果香气泡感型
S238,U238,图书馆/自习室、健身房/运动场,疲劳、口渴,平静,茶香、清爽,热饮,,热饮清爽茶香型
S239,U239,健身房/运动场、地铁/公交/车站,疲劳、口渴,开心,果香、甜感、清爽,冷饮,,冷饮清爽果香型
S240,U240,学校/教学楼、健身房/运动场,疲劳、困倦,平静,清爽、茶香、苦感,冷饮,,冷饮清爽茶香型
S241,U241,商场/商业街、公园/户外,疲劳、感觉有点热,开心,果香、甜感、气泡感,冷饮,,冷饮果香气泡感型
S242,U242,商场/商业街、公园/户外,疲劳、感觉有点冷,平静,奶香、甜感,热饮,,热饮奶香甜感型
S243,U243,商场/商业街、地铁/公交/车站,困倦,平静,咖啡香、苦感,热饮,,热饮咖啡香苦感型
S244,U244,健身房/运动场、商场/商业街,疲劳、口渴,烦躁,果香、酸感、气泡感,冷饮,,冷饮果香气泡感型
S245,U245,图书馆/自习室、商场/商业街,疲劳,开心,果香、花香、清爽,冷饮,,冷饮清爽果香型
S246,U246,学校/教学楼、图书馆/自习室,困倦,紧张,咖啡香、苦感,热饮,,热饮咖啡香苦感型
S247,U247,学校/教学楼、公园/户外,困倦、感觉有点冷,平静,茶香、花香,热饮,,热饮茶香花香型
S248,U248,学校/教学楼、公园/户外,疲劳、感觉有点热,烦躁,清爽、果香、酸感,冷饮,,冷饮清爽果香型
S249,U249,学校/教学楼、地铁/公交/车站,困倦,平静,茶香、苦感、清爽,冷饮,,冷饮清爽茶香型
S250,U250,学校/教学楼、商场/商业街,疲劳,开心,奶香、咖啡香、苦感,热饮,,热饮奶香咖啡香型
S251,U251,地铁/公交/车站,困倦,平静,清爽,热饮,咖啡因敏感慎用,咖啡因敏感慎用热饮清爽型
S252,U252,图书馆/自习室,困倦,紧张,清爽,热饮,咖啡因敏感慎用,咖啡因敏感慎用热饮清爽型
S253,U253,公园/户外,感觉有点冷,平静,清爽,热饮,低刺激,低刺激热饮清爽型
S254,U254,学校/教学楼,困倦,紧张,清爽,冷饮,低糖,低糖冷饮清爽型
S255,U255,公园/户外,疲劳、感觉有点热,烦躁,清爽,冷饮,低糖,低糖冷饮清爽型
S256,U256,图书馆/自习室,疲劳,平静,清爽,热饮,咖啡因敏感慎用,咖啡因敏感慎用热饮清爽型
S257,U257,学校/教学楼,困倦,烦躁,清爽,冷饮,低糖,低糖冷饮清爽型
S258,U258,公园/户外,疲劳、感觉有点冷,低落,清爽,热饮,,热饮清爽型
S259,U259,地铁/公交/车站,困倦,烦躁,清爽,冷饮,低糖,低糖冷饮清爽型
S260,U260,商场/商业街,疲劳,开心,清爽,热饮,乳糖不耐慎用,乳糖不耐慎用热饮清爽型
S261,U261,公园/户外,疲劳、感觉有点冷,平静,清爽,热饮,咖啡因敏感慎用,咖啡因敏感慎用热饮清爽型
S262,U262,图书馆/自习室,困倦,紧张,清爽,热饮,咖啡因敏感慎用,咖啡因敏感慎用热饮清爽型
S263,U263,地铁/公交/车站,良好,烦躁,清爽,热饮,低刺激,低刺激热饮清爽型
S264,U264,商场/商业街,良好,平静,清爽,热饮,乳糖不耐慎用,乳糖不耐慎用热饮清爽型
S265,U265,学校/教学楼,困倦,紧张,清爽,热饮,咖啡因敏感慎用,咖啡因敏感慎用热饮清爽型
S266,U266,公园/户外,疲劳、感觉有点热,烦躁,清爽,冷饮,,冷饮清爽型
S267,U267,地铁/公交/车站,疲劳,烦躁,清爽,冷饮,低糖,低糖冷饮清爽型
S268,U268,公园/户外,疲劳、感觉有点冷,平静,清爽,热饮,,热饮清爽型
S269,U269,商场/商业街,疲劳,开心,清爽,冷饮,低糖,低糖冷饮清爽型
S270,U270,图书馆/自习室,疲劳,平静,清爽,热饮,低刺激,低刺激热饮清爽型
S271,U271,家/宿舍,困倦,烦躁,清爽,冷饮,低糖,低糖冷饮清爽型
S272,U272,公园/户外,疲劳、感觉有点冷,平静,清爽,热饮,,热饮清爽型
S273,U273,公园/户外,疲劳、感觉有点热,烦躁,清爽,冷饮,,冷饮清爽型
S274,U274,学校/教学楼,困倦,紧张,清爽,热饮,咖啡因敏感慎用,咖啡因敏感慎用热饮清爽型
S275,U275,商场/商业街,良好,平静,清爽,冷饮,咖啡因敏感慎用,咖啡因敏感慎用冷饮清爽型
S276,U276,公园/户外,疲劳、感觉有点热,开心,清爽,冷饮,,冷饮清爽型
S277,U277,公园/户外,疲劳、感觉有点冷,平静,清爽,热饮,,热饮清爽型
S278,U278,学校/教学楼,疲劳,烦躁,清爽,冷饮,低糖,低糖冷饮清爽型
S279,U279,家/宿舍,疲劳,开心,清爽,热饮,乳糖不耐慎用,乳糖不耐慎用热饮清爽型
S280,U280,地铁/公交/车站,良好,开心,清爽,冷饮,低糖,低糖冷饮清爽型
S281,U281,图书馆/自习室,困倦,紧张,清爽,热饮,咖啡因敏感慎用,咖啡因敏感慎用热饮清爽型
S282,U282,家/宿舍,困倦,烦躁,清爽,冷饮,低糖,低糖冷饮清爽型
S283,U283,公园/户外,疲劳、感觉有点冷,低落,清爽,热饮,,热饮清爽型
S284,U284,家/宿舍,良好,平静,清爽,热饮,咖啡因敏感慎用,咖啡因敏感慎用热饮清爽型
S285,U285,家/宿舍,困倦、疲劳,紧张,清爽,热饮,咖啡因敏感慎用,咖啡因敏感慎用热饮清爽型
S286,U286,地铁/公交/车站,疲劳,烦躁,清爽,冷饮,,冷饮清爽型
S287,U287,健身房/运动场,疲劳、口渴,开心,清爽,冷饮,低糖,低糖冷饮清爽型
S288,U288,商场/商业街,疲劳,烦躁,清爽,冷饮,乳糖不耐慎用,乳糖不耐慎用冷饮清爽型
S289,U289,家/宿舍,困倦,平静,清爽,冷饮,咖啡因敏感慎用,咖啡因敏感慎用冷饮清爽型
S290,U290,学校/教学楼,良好,烦躁,清爽,热饮,低刺激,低刺激热饮清爽型
S291,U291,家/宿舍,困倦,平静,清爽,热饮,,热饮清爽型
S292,U292,家/宿舍,疲劳,平静,清爽,热饮,咖啡因敏感慎用,咖啡因敏感慎用热饮清爽型
S293,U293,地铁/公交/车站,良好,平静,清爽,热饮,低刺激,低刺激热饮清爽型
S294,U294,商场/商业街,良好,开心,清爽,热饮,乳糖不耐慎用,乳糖不耐慎用热饮清爽型
S295,U295,图书馆/自习室,困倦,紧张,清爽,热饮,咖啡因敏感慎用,咖啡因敏感慎用热饮清爽型
S296,U296,家/宿舍,疲劳,烦躁,清爽,冷饮,低糖,低糖冷饮清爽型
S297,U297,家/宿舍,困倦、疲劳,紧张,清爽,热饮,咖啡因敏感慎用,咖啡因敏感慎用热饮清爽型
S298,U298,学校/教学楼,良好,平静,清爽,冷饮,咖啡因敏感慎用,咖啡因敏感慎用冷饮清爽型
S299,U299,公园/户外,感觉有点冷,低落,清爽,热饮,低刺激,低刺激热饮清爽型
S300,U300,家/宿舍,良好,开心,清爽,热饮,低糖,低糖热饮清爽型
S301,U301,地铁/公交/车站,困倦,紧张,茶香、苦感,常温,咖啡因敏感慎用,咖啡因敏感慎用常温茶香苦感型
S302,U302,图书馆/自习室,疲劳,平静,果香、清爽,常温,低糖,低糖常温清爽果香型
S303,U303,公园/户外,感觉有点冷,平静,花香,热饮,低刺激,低刺激热饮花香型
S304,U304,商场/商业街,疲劳,开心,奶香,常温,,常温奶香型
S305,U305,公园/户外,疲劳、感觉有点热,烦躁,清爽、果香,冷饮,低糖,低糖冷饮清爽果香型
S306,U306,图书馆/自习室,困倦,紧张,茶香,常温,咖啡因敏感慎用,咖啡因敏感慎用常温茶香型
S307,U307,地铁/公交/车站,疲劳、困倦,烦躁,咖啡香、苦感,常温,低糖,低糖常温咖啡香苦感型
S308,U308,图书馆/自习室,疲劳,平静,花香、清爽,常温,咖啡因敏感慎用,咖啡因敏感慎用常温清爽花香型
S309,U309,地铁/公交/车站,良好,平静,茶香,常温,乳糖不耐慎用,乳糖不耐慎用常温茶香型
S310,U310,商场/商业街,良好,开心,果香、气泡感,常温,低糖,低糖常温果香气泡感型
S311,U311,图书馆/自习室,困倦,平静,清爽、茶香,常温,咖啡因敏感慎用,咖啡因敏感慎用常温清爽茶香型
S312,U312,商场/商业街,疲劳,烦躁,果香、甜感,常温,,常温果香甜感型
S313,U313,公园/户外,疲劳、感觉有点冷,烦躁,清爽,热饮,低刺激,低刺激热饮清爽型
S314,U314,学校/教学楼,困倦,紧张,咖啡香、苦感,常温,低糖,低糖常温咖啡香苦感型
S315,U315,公园/户外,感觉有点热,开心,果香、酸感,冷饮,乳糖不耐慎用,乳糖不耐慎用冷饮果香酸感型
S316,U316,图书馆/自习室,疲劳,低落,茶香、清爽,常温,低糖,低糖常温清爽茶香型
S317,U317,公园/户外,感觉有点冷,平静,花香,热饮,咖啡因敏感慎用,咖啡因敏感慎用热饮花香型
S318,U318,商场/商业街,疲劳,烦躁,果香、气泡感,常温,,常温果香气泡感型
S319,U319,地铁/公交/车站,困倦,烦躁,清爽、茶香,常温,低糖,低糖常温清爽茶香型
S320,U320,家/宿舍,困倦、疲劳,紧张,茶香、清爽,常温,低刺激、咖啡因敏感慎用,低刺激常温清爽茶香型
S321,U321,商场/商业街,疲劳,烦躁,果香、花香,冷饮,低糖,低糖冷饮果香花香型
S322,U322,图书馆/自习室,疲劳,紧张,咖啡香、清爽、苦感,热饮,咖啡因敏感慎用,咖啡因敏感慎用热饮清爽咖啡香型
S323,U323,图书馆/自习室,疲劳,开心,清爽,冷饮,低糖,低糖冷饮清爽型
S324,U324,地铁/公交/车站,困倦,平静,清爽、茶香,热饮,,热饮清爽茶香型
S325,U325,图书馆/自习室,疲劳,低落、平静,茶香,热饮,乳糖不耐慎用,乳糖不耐慎用热饮茶香型
S326,U326,商场/商业街,疲劳,开心,酸感、清爽,冷饮,低糖,低糖冷饮清爽酸感型
S327,U327,图书馆/自习室,疲劳,平静,茶香,热饮,乳糖不耐慎用,乳糖不耐慎用热饮茶香型
S328,U328,学校/教学楼,疲劳、困倦,烦躁、平静,清爽,常温,低糖、咖啡因敏感慎用,低糖常温清爽型
S329,U329,商场/商业街,疲劳,烦躁,清爽、果香,冷饮,低糖,低糖冷饮清爽果香型
S330,U330,图书馆/自习室,疲劳,烦躁、平静,茶香、咖啡香、苦感,冷饮,,冷饮茶香咖啡香型
S331,U331,公园/户外,疲劳、困倦,平静,甜感,热饮,乳糖不耐慎用,乳糖不耐慎用热饮甜感型
S332,U332,图书馆/自习室,疲劳,烦躁、平静,酸感、清爽,冷饮,低糖,低糖冷饮清爽酸感型
S333,U333,商场/商业街,疲劳,开心,茶香、果香、酸感,冷饮,低糖,低糖冷饮茶香果香型
S334,U334,公园/户外,疲劳、感觉有点冷,烦躁,清爽,热饮,低刺激,低刺激热饮清爽型
S335,U335,公园/户外,困倦、感觉有点冷,烦躁,清爽,热饮,咖啡因敏感慎用,咖啡因敏感慎用热饮清爽型
S336,U336,图书馆/自习室,疲劳,紧张,茶香、苦感,常温,咖啡因敏感慎用,咖啡因敏感慎用常温茶香苦感型
S337,U337,公园/户外,疲劳、感觉有点冷,紧张、平静,清爽,热饮,咖啡因敏感慎用,咖啡因敏感慎用热饮清爽型
S338,U338,图书馆/自习室,疲劳,紧张,清爽、茶香、咖啡香,热饮,低糖,低糖热饮清爽茶香型
S339,U339,健身房/运动场,疲劳、口渴,开心,酸感、气泡感,冷饮,低糖,低糖冷饮气泡感酸感型
S340,U340,健身房/运动场,困倦、口渴,开心,酸感、清爽,冷饮,,冷饮清爽酸感型
S341,U341,公园/户外,疲劳、困倦,平静,花香、清爽,热饮,低刺激、咖啡因敏感慎用,低刺激热饮清爽花香型
S342,U342,公园/户外,疲劳、感觉有点热,烦躁、开心,果香、酸感、气泡感,冷饮,低糖,低糖冷饮果香气泡感型
S343,U343,图书馆/自习室,疲劳,紧张,茶香、苦感,冷饮,咖啡因敏感慎用,咖啡因敏感慎用冷饮茶香苦感型
S344,U344,地铁/公交/车站,困倦,紧张,清爽,冷饮,低糖,低糖冷饮清爽型
S345,U345,公园/户外,疲劳、困倦,低落,茶香、花香、清爽,热饮,低刺激,低刺激热饮清爽茶香型
S346,U346,地铁/公交/车站,疲劳,烦躁、平静,花香、清爽,常温,低刺激,低刺激常温清爽花香型
S347,U347,图书馆/自习室,困倦,紧张,清爽、咖啡香、苦感,热饮,咖啡因敏感慎用,咖啡因敏感慎用热饮清爽咖啡香型
S348,U348,公园/户外,疲劳、感觉有点热,平静,清爽,热饮,低刺激,低刺激热饮清爽型
S349,U349,公园/户外,疲劳、感觉有点冷,低落,茶香、清爽,热饮,咖啡因敏感慎用,咖啡因敏感慎用热饮清爽茶香型
S350,U350,商场/商业街,困倦,开心,酸感、清爽,常温,低糖,低糖常温清爽酸感型
S351,U351,地铁/公交/车站,困倦,烦躁,果香、清爽,冷饮,低糖,低糖冷饮清爽果香型
S352,U352,公园/户外,疲劳、困倦,平静,清爽,热饮,低刺激、咖啡因敏感慎用,低刺激热饮清爽型
S353,U353,公园/户外,疲劳、困倦,烦躁,苦感、清爽,热饮,咖啡因敏感慎用,咖啡因敏感慎用热饮清爽苦感型
S354,U354,商场/商业街,疲劳,开心,花香,热饮,乳糖不耐慎用,乳糖不耐慎用热饮花香型
S355,U355,商场/商业街,疲劳,开心,清爽、果香,冷饮,低糖,低糖冷饮清爽果香型
S356,U356,地铁/公交/车站,疲劳,开心,果香、清爽,常温,低糖,低糖常温清爽果香型
S357,U357,健身房/运动场,疲劳、口渴,开心,酸感、清爽,冷饮,低糖,低糖冷饮清爽酸感型
S358,U358,地铁/公交/车站,疲劳、困倦,平静,甜感,热饮,乳糖不耐慎用,乳糖不耐慎用热饮甜感型
S359,U359,健身房/运动场,疲劳、口渴,平静,茶香、清爽,冷饮,低糖,低糖冷饮清爽茶香型
S360,U360,地铁/公交/车站,疲劳、困倦,紧张,清爽,热饮,咖啡因敏感慎用,咖啡因敏感慎用热饮清爽型
S361,U361,公园/户外,疲劳、感觉有点热,开心,清爽、酸感,冷饮,低糖,低糖冷饮清爽酸感型
S362,U362,地铁/公交/车站,困倦,开心,清爽,热饮,乳糖不耐慎用,乳糖不耐慎用热饮清爽型
S363,U363,公园/户外,疲劳、感觉有点热,烦躁,花香、气泡感,冷饮,,冷饮花香气泡感型
S364,U364,图书馆/自习室,疲劳,低落,花香,热饮,低刺激,低刺激热饮花香型
S365,U365,公园/户外,疲劳、感觉有点冷,低落,甜感,热饮,低糖,低糖热饮甜感型
S366,U366,商场/商业街,疲劳,平静,花香,冷饮,乳糖不耐慎用,乳糖不耐慎用冷饮花香型
S367,U367,公园/户外,困倦、感觉有点热,平静,清爽,热饮,低刺激、咖啡因敏感慎用,低刺激热饮清爽型
S368,U368,图书馆/自习室,疲劳、困倦,紧张,清爽,热饮,咖啡因敏感慎用,咖啡因敏感慎用热饮清爽型
S369,U369,地铁/公交/车站,疲劳,开心,奶香,热饮,,热饮奶香型
S370,U370,公园/户外,疲劳、感觉有点热,开心,茶香、果香,冷饮,低糖,低糖冷饮茶香果香型
S371,U371,地铁/公交/车站,疲劳,紧张、烦躁,甜感、气泡感、清爽,热饮,,热饮清爽气泡感型
S372,U372,图书馆/自习室,困倦,平静,花香,热饮,乳糖不耐慎用,乳糖不耐慎用热饮花香型
S373,U373,商场/商业街,疲劳,烦躁,酸感、清爽,冷饮,低糖,低糖冷饮清爽酸感型
S374,U374,学校/教学楼,疲劳,烦躁、紧张,咖啡香、苦感,热饮,咖啡因敏感慎用,咖啡因敏感慎用热饮咖啡香苦感型
S375,U375,地铁/公交/车站,疲劳,紧张,苦感,冷饮,咖啡因敏感慎用,咖啡因敏感慎用冷饮苦感型
S376,U376,商场/商业街,困倦,低落、开心,清爽,热饮,乳糖不耐慎用,乳糖不耐慎用热饮清爽型
S377,U377,地铁/公交/车站,疲劳,烦躁,果香、气泡感,冷饮,,冷饮果香气泡感型
S378,U378,商场/商业街,疲劳,平静,清爽、果香,冷饮,低糖,低糖冷饮清爽果香型
S379,U379,地铁/公交/车站,困倦,平静,清爽,热饮,低糖、乳糖不耐慎用,低糖热饮清爽型
S380,U380,公园/户外,疲劳、感觉有点冷,平静,咖啡香、苦感,热饮,咖啡因敏感慎用,咖啡因敏感慎用热饮咖啡香苦感型
S381,U381,公园/户外,疲劳、感觉有点冷,平静,茶香、花香,热饮,低刺激,低刺激热饮茶香花香型
S382,U382,图书馆/自习室,困倦,低落,茶香,热饮,低刺激、乳糖不耐慎用,低刺激热饮茶香型
S383,U383,地铁/公交/车站,疲劳,烦躁,清爽、气泡感,热饮,低糖,低糖热饮清爽气泡感型
S384,U384,图书馆/自习室,疲劳,烦躁、平静,茶香、果香,冷饮,低糖,低糖冷饮茶香果香型
S385,U385,地铁/公交/车站,疲劳,开心、平静,果香,热饮,乳糖不耐慎用,乳糖不耐慎用热饮果香型
S386,U386,公园/户外,疲劳、困倦,开心,花香、甜感,热饮,低糖,低糖热饮花香甜感型
S387,U387,图书馆/自习室,疲劳,紧张、平静,清爽,冷饮,咖啡因敏感慎用,咖啡因敏感慎用冷饮清爽型
S388,U388,公园/户外,疲劳、感觉有点冷,开心,花香,热饮,低糖,低糖热饮花香型
S389,U389,商场/商业街,困倦,烦躁,清爽、气泡感,冷饮,低糖,低糖冷饮清爽气泡感型
S390,U390,公园/户外,困倦、感觉有点冷,烦躁、紧张,茶香、苦感,热饮,咖啡因敏感慎用,咖啡因敏感慎用热饮茶香苦感型
S391,U391,公园/户外,疲劳、困倦,烦躁,花香,热饮,咖啡因敏感慎用,咖啡因敏感慎用热饮花香型
S392,U392,地铁/公交/车站,疲劳、困倦,烦躁,咖啡香、清爽、苦感,热饮,咖啡因敏感慎用,咖啡因敏感慎用热饮清爽咖啡香型
S393,U393,地铁/公交/车站,困倦,烦躁、平静,咖啡香、清爽、苦感,常温,咖啡因敏感慎用,咖啡因敏感慎用常温清爽咖啡香型
S394,U394,健身房/运动场,口渴、疲劳,烦躁、开心,果香、酸感、清爽,冷饮,低糖,低糖冷饮清爽果香型
S395,U395,商场/商业街,疲劳,烦躁,果香、气泡感、清爽,常温,低糖,低糖常温清爽果香型
S396,U396,图书馆/自习室,疲劳,平静,清爽、果香,冷饮,低糖,低糖冷饮清爽果香型
S397,U397,学校/教学楼,良好,平静,清爽,热饮,咖啡因敏感慎用,咖啡因敏感慎用热饮清爽型
S398,U398,商场/商业街,疲劳,开心、烦躁,花香、气泡感,热饮,低糖,低糖热饮花香气泡感型
S399,U399,公园/户外,疲劳、感觉有点热,开心,清爽,冷饮,低糖,低糖冷饮清爽型
S400,U400,学校/教学楼,困倦,紧张,清爽,冷饮,,冷饮清爽型
S401,U401,商场/商业街,困倦,低落,茶香,热饮,低刺激、乳糖不耐慎用,低刺激热饮茶香型
S402,U402,健身房/运动场,疲劳、口渴,开心,清爽,冷饮,低糖,低糖冷饮清爽型
S403,U403,地铁/公交/车站,疲劳,开心,清爽,热饮,低糖、乳糖不耐慎用,低糖热饮清爽型
S404,U404,公园/户外,疲劳、感觉有点热,开心、烦躁,甜感、气泡感、清爽,冷饮,低糖,低糖冷饮清爽气泡感型
S405,U405,图书馆/自习室,良好,平静,清爽,热饮,低刺激,低刺激热饮清爽型
S406,U406,商场/商业街,疲劳,低落,清爽,冷饮,乳糖不耐慎用,乳糖不耐慎用冷饮清爽型
S407,U407,图书馆/自习室,困倦,开心,清爽,热饮,低刺激,低刺激热饮清爽型
S408,U408,地铁/公交/车站,疲劳,开心、烦躁,清爽、气泡感,冷饮,低糖,低糖冷饮清爽气泡感型
S409,U409,学校/教学楼,疲劳,烦躁,清爽,冷饮,咖啡因敏感慎用,咖啡因敏感慎用冷饮清爽型
S410,U410,公园/户外,疲劳、困倦,紧张,咖啡香、清爽、苦感,冷饮,咖啡因敏感慎用,咖啡因敏感慎用冷饮清爽咖啡香型
S411,U411,图书馆/自习室,疲劳,平静,果香、花香,常温,乳糖不耐慎用,乳糖不耐慎用常温果香花香型
S412,U412,地铁/公交/车站,疲劳,烦躁、紧张,清爽、苦感,热饮,低糖,低糖热饮清爽苦感型
S413,U413,图书馆/自习室,疲劳,开心,茶香、花香,热饮,低刺激,低刺激热饮茶香花香型
S414,U414,图书馆/自习室,良好,低落,果香、花香,常温,乳糖不耐慎用,乳糖不耐慎用常温果香花香型
S415,U415,图书馆/自习室,疲劳,紧张,清爽,热饮,咖啡因敏感慎用,咖啡因敏感慎用热饮清爽型
S416,U416,图书馆/自习室,疲劳,平静,花香,热饮,低刺激,低刺激热饮花香型
S417,U417,学校/教学楼,困倦,烦躁,清爽、苦感,冷饮,咖啡因敏感慎用,咖啡因敏感慎用冷饮清爽苦感型
S418,U418,公园/户外,疲劳、困倦,低落,清爽,热饮,低刺激,低刺激热饮清爽型
S419,U419,健身房/运动场,疲劳、口渴,开心,清爽、酸感,冷饮,低糖,低糖冷饮清爽酸感型
S420,U420,商场/商业街,疲劳,开心,酸感、清爽,冷饮,,冷饮清爽酸感型
S421,U421,地铁/公交/车站,疲劳,烦躁,果香、甜感,冷饮,低糖、乳糖不耐慎用,低糖冷饮果香甜感型
S422,U422,地铁/公交/车站,疲劳,低落,清爽,热饮,乳糖不耐慎用,乳糖不耐慎用热饮清爽型
S423,U423,公园/户外,困倦、感觉有点热,平静,清爽,热饮,低刺激,低刺激热饮清爽型
S424,U424,图书馆/自习室,疲劳,平静,清爽,常温,低刺激,低刺激常温清爽型
S425,U425,公园/户外,困倦、感觉有点冷,平静,花香,热饮,乳糖不耐慎用,乳糖不耐慎用热饮花香型
S426,U426,健身房/运动场,困倦、口渴,烦躁、开心,酸感、气泡感、清爽,冷饮,低糖,低糖冷饮清爽气泡感型
S427,U427,公园/户外,疲劳、感觉有点冷,烦躁,清爽,热饮,低刺激,低刺激热饮清爽型
S428,U428,公园/户外,疲劳、感觉有点热,平静,清爽、茶香,冷饮,低糖,低糖冷饮清爽茶香型
S429,U429,公园/户外,疲劳、感觉有点冷,开心,清爽,热饮,乳糖不耐慎用,乳糖不耐慎用热饮清爽型
S430,U430,公园/户外,疲劳、感觉有点热,开心,花香、气泡感,冷饮,低糖,低糖冷饮花香气泡感型
S431,U431,商场/商业街,疲劳、困倦,低落,花香,冷饮,低糖、乳糖不耐慎用,低糖冷饮花香型
S432,U432,地铁/公交/车站,困倦,烦躁、平静,咖啡香、苦感、清爽,冷饮,低糖、咖啡因敏感慎用,低糖冷饮清爽咖啡香型
S433,U433,公园/户外,疲劳、感觉有点热,开心、烦躁,气泡感、清爽,冷饮,低糖,低糖冷饮清爽气泡感型
S434,U434,公园/户外,困倦、感觉有点冷,开心,茶香,热饮,乳糖不耐慎用,乳糖不耐慎用热饮茶香型
S435,U435,学校/教学楼,困倦,平静,茶香,常温,咖啡因敏感慎用,咖啡因敏感慎用常温茶香型
S436,U436,图书馆/自习室,困倦,平静,茶香、苦感、清爽,热饮,咖啡因敏感慎用,咖啡因敏感慎用热饮清爽茶香型
S437,U437,图书馆/自习室,疲劳,平静,清爽,热饮,咖啡因敏感慎用、乳糖不耐慎用,咖啡因敏感慎用热饮清爽型
S438,U438,图书馆/自习室,疲劳,开心,清爽、酸感,常温,低糖,低糖常温清爽酸感型
S439,U439,地铁/公交/车站,疲劳、困倦,烦躁,果香、气泡感、清爽,冷饮,低糖,低糖冷饮清爽果香型
S440,U440,公园/户外,疲劳、困倦,紧张,苦感、清爽,热饮,,热饮清爽苦感型
S441,U441,商场/商业街,疲劳、困倦,平静,花香,热饮,,热饮花香型
S442,U442,健身房/运动场,疲劳、口渴,烦躁,果香、酸感,冷饮,低糖,低糖冷饮果香酸感型
S443,U443,学校/教学楼,困倦,紧张、平静,茶香、清爽,冷饮,咖啡因敏感慎用,咖啡因敏感慎用冷饮清爽茶香型
S444,U444,公园/户外,疲劳、感觉有点冷,紧张,咖啡香、清爽、苦感,热饮,,热饮清爽咖啡香型
S445,U445,图书馆/自习室,良好,平静,清爽、果香,冷饮,低糖,低糖冷饮清爽果香型
S446,U446,地铁/公交/车站,疲劳,低落,果香、花香,热饮,乳糖不耐慎用,乳糖不耐慎用热饮果香花香型
S447,U447,学校/教学楼,困倦,平静,茶香、咖啡香、苦感,冷饮,,冷饮茶香咖啡香型
S448,U448,地铁/公交/车站,疲劳,紧张、平静,清爽,热饮,低糖,低糖热饮清爽型
S449,U449,地铁/公交/车站,困倦,烦躁、平静,清爽、咖啡香、苦感,热饮,低糖、咖啡因敏感慎用,低糖热饮清爽咖啡香型
S450,U450,商场/商业街,良好,平静,果香,热饮,乳糖不耐慎用,乳糖不耐慎用热饮果香型
S451,U451,商场/商业街,疲劳,开心,果香、花香、气泡感,冷饮,,冷饮果香花香型
S452,U452,公园/户外,困倦、感觉有点冷,烦躁、平静,茶香、清爽,热饮,咖啡因敏感慎用,咖啡因敏感慎用热饮清爽茶香型
S453,U453,学校/教学楼,困倦,紧张,清爽,冷饮,咖啡因敏感慎用,咖啡因敏感慎用冷饮清爽型
S454,U454,地铁/公交/车站,疲劳,紧张,茶香、清爽,冷饮,,冷饮清爽茶香型
S455,U455,学校/教学楼,困倦,平静,清爽、苦感,热饮,低糖,低糖热饮清爽苦感型
S456,U456,公园/户外,疲劳、感觉有点冷,低落,清爽,热饮,低刺激,低刺激热饮清爽型
S457,U457,地铁/公交/车站,困倦,烦躁,清爽,热饮,咖啡因敏感慎用,咖啡因敏感慎用热饮清爽型
S458,U458,图书馆/自习室,疲劳,开心,茶香,热饮,低刺激,低刺激热饮茶香型
S459,U459,健身房/运动场,疲劳、口渴,烦躁,气泡感、清爽,冷饮,低糖,低糖冷饮清爽气泡感型
S460,U460,地铁/公交/车站,疲劳,烦躁、紧张,咖啡香、清爽、苦感,冷饮,,冷饮清爽咖啡香型
S461,U461,公园/户外,疲劳、感觉有点冷,烦躁,清爽,热饮,咖啡因敏感慎用,咖啡因敏感慎用热饮清爽型
S462,U462,地铁/公交/车站,困倦,平静,茶香、苦感,热饮,咖啡因敏感慎用,咖啡因敏感慎用热饮茶香苦感型
S463,U463,商场/商业街,疲劳,烦躁,酸感、气泡感、清爽,冷饮,,冷饮清爽气泡感型
S464,U464,地铁/公交/车站,疲劳,紧张,清爽、苦感,热饮,咖啡因敏感慎用,咖啡因敏感慎用热饮清爽苦感型
S465,U465,商场/商业街,疲劳,烦躁,酸感、清爽,常温,低糖,低糖常温清爽酸感型
S466,U466,地铁/公交/车站,困倦,烦躁,清爽、茶香,冷饮,低糖,低糖冷饮清爽茶香型
S467,U467,商场/商业街,疲劳,紧张,果香、清爽,热饮,低糖、乳糖不耐慎用,低糖热饮清爽果香型
S468,U468,图书馆/自习室,困倦,平静,咖啡香、苦感,冷饮,低糖,低糖冷饮咖啡香苦感型
S469,U469,商场/商业街,疲劳,烦躁,清爽,冷饮,低糖,低糖冷饮清爽型
S470,U470,商场/商业街,疲劳,紧张、烦躁,花香、气泡感,冷饮,低糖,低糖冷饮花香气泡感型
S471,U471,健身房/运动场,疲劳、困倦,烦躁,清爽,冷饮,低糖,低糖冷饮清爽型
S472,U472,公园/户外,疲劳、感觉有点热,开心,果香、酸感,冷饮,低糖,低糖冷饮果香酸感型
S473,U473,地铁/公交/车站,疲劳,开心、平静,清爽,热饮,低刺激、乳糖不耐慎用,低刺激热饮清爽型
S474,U474,地铁/公交/车站,疲劳,烦躁,气泡感、清爽,热饮,乳糖不耐慎用,乳糖不耐慎用热饮清爽气泡感型
S475,U475,健身房/运动场,口渴、疲劳,烦躁、平静,清爽、果香、酸感,冷饮,低糖,低糖冷饮清爽果香型
S476,U476,图书馆/自习室,良好,低落,清爽,热饮,低刺激、咖啡因敏感慎用、乳糖不耐慎用,低刺激热饮清爽型
S477,U477,公园/户外,疲劳、感觉有点热,开心,清爽、甜感,冷饮,低糖,低糖冷饮清爽甜感型
S478,U478,公园/户外,困倦、感觉有点热,烦躁,咖啡香、清爽、苦感,冷饮,低糖、咖啡因敏感慎用,低糖冷饮清爽咖啡香型
S479,U479,商场/商业街,疲劳,烦躁,清爽,冷饮,低糖,低糖冷饮清爽型
S480,U480,学校/教学楼,疲劳,烦躁,咖啡香、清爽、苦感,冷饮,咖啡因敏感慎用,咖啡因敏感慎用冷饮清爽咖啡香型
S481,U481,地铁/公交/车站,疲劳,烦躁、开心,果香、清爽,冷饮,低糖,低糖冷饮清爽果香型
S482,U482,商场/商业街,疲劳,开心,清爽、甜感,冷饮,低糖,低糖冷饮清爽甜感型
S483,U483,地铁/公交/车站,疲劳,平静,清爽,热饮,乳糖不耐慎用,乳糖不耐慎用热饮清爽型
S484,U484,公园/户外,困倦、感觉有点冷,紧张,清爽,热饮,低糖、咖啡因敏感慎用,低糖热饮清爽型
S485,U485,图书馆/自习室,困倦,紧张,清爽,热饮,咖啡因敏感慎用,咖啡因敏感慎用热饮清爽型
S486,U486,地铁/公交/车站,疲劳,低落,花香、清爽,热饮,低刺激、咖啡因敏感慎用,低刺激热饮清爽花香型
S487,U487,健身房/运动场,疲劳、口渴,开心,清爽、酸感,冷饮,低糖,低糖冷饮清爽酸感型
S488,U488,公园/户外,疲劳、感觉有点冷,低落,奶香、花香,热饮,,热饮奶香花香型
S489,U489,公园/户外,疲劳、困倦,平静,茶香,热饮,咖啡因敏感慎用,咖啡因敏感慎用热饮茶香型
S490,U490,公园/户外,疲劳、感觉有点冷,平静,清爽,热饮,低刺激,低刺激热饮清爽型
S491,U491,商场/商业街,疲劳,开心,果香、清爽,热饮,低糖、乳糖不耐慎用,低糖热饮清爽果香型
S492,U492,地铁/公交/车站,困倦,紧张,清爽,冷饮,咖啡因敏感慎用,咖啡因敏感慎用冷饮清爽型
S493,U493,商场/商业街,疲劳、困倦,烦躁,酸感、气泡感,冷饮,低糖,低糖冷饮气泡感酸感型
S494,U494,地铁/公交/车站,疲劳,平静,咖啡香、苦感,冷饮,咖啡因敏感慎用,咖啡因敏感慎用冷饮咖啡香苦感型
S495,U495,图书馆/自习室,疲劳、困倦,烦躁,茶香、苦感,热饮,,热饮茶香苦感型
S496,U496,图书馆/自习室,良好,平静,苦感,热饮,咖啡因敏感慎用,咖啡因敏感慎用热饮苦感型
S497,U497,图书馆/自习室,疲劳,平静,果香,冷饮,乳糖不耐慎用,乳糖不耐慎用冷饮果香型
S498,U498,地铁/公交/车站,疲劳,紧张,清爽、苦感,冷饮,咖啡因敏感慎用,咖啡因敏感慎用冷饮清爽苦感型
S499,U499,商场/商业街,疲劳,开心,甜感、清爽,热饮,低糖、乳糖不耐慎用,低糖热饮清爽甜感型
S500,U500,图书馆/自习室,疲劳、困倦,紧张,清爽、茶香,热饮,咖啡因敏感慎用,咖啡因敏感慎用热饮清爽茶香型
S501,U501,公园/户外,疲劳、感觉有点热,烦躁,清爽,冷饮,低糖,低糖冷饮清爽型
S502,U502,地铁/公交/车站,疲劳、困倦,紧张,清爽、茶香,热饮,咖啡因敏感慎用,咖啡因敏感慎用热饮清爽茶香型
S503,U503,公园/户外,疲劳、感觉有点冷,低落,花香,热饮,低刺激、咖啡因敏感慎用,低刺激热饮花香型
S504,U504,地铁/公交/车站,良好,低落,茶香、果香,热饮,乳糖不耐慎用,乳糖不耐慎用热饮茶香果香型
S505,U505,图书馆/自习室,疲劳,低落,茶香,热饮,乳糖不耐慎用,乳糖不耐慎用热饮茶香型
S506,U506,地铁/公交/车站,疲劳,开心,清爽、气泡感,冷饮,低糖,低糖冷饮清爽气泡感型
S507,U507,商场/商业街,困倦,开心,奶香、花香,冷饮,,冷饮奶香花香型
S508,U508,健身房/运动场,疲劳、口渴,开心,气泡感、清爽,冷饮,低糖,低糖冷饮清爽气泡感型
S509,U509,地铁/公交/车站,疲劳,平静,清爽,热饮,乳糖不耐慎用,乳糖不耐慎用热饮清爽型
S510,U510,学校/教学楼,疲劳,紧张,清爽、茶香,冷饮,咖啡因敏感慎用,咖啡因敏感慎用冷饮清爽茶香型
S511,U511,商场/商业街,疲劳,开心,果香、酸感,冷饮,低糖,低糖冷饮果香酸感型
S512,U512,地铁/公交/车站,困倦,紧张,清爽、咖啡香、苦感,热饮,咖啡因敏感慎用,咖啡因敏感慎用热饮清爽咖啡香型
S513,U513,商场/商业街,疲劳,开心,茶香、花香,热饮,低刺激、乳糖不耐慎用,低刺激热饮茶香花香型
S514,U514,图书馆/自习室,困倦,平静,清爽、茶香,热饮,咖啡因敏感慎用,咖啡因敏感慎用热饮清爽茶香型
S515,U515,图书馆/自习室,疲劳,烦躁,清爽,常温,咖啡因敏感慎用,咖啡因敏感慎用常温清爽型
S516,U516,地铁/公交/车站,良好,紧张,茶香、苦感,冷饮,咖啡因敏感慎用,咖啡因敏感慎用冷饮茶香苦感型
S517,U517,学校/教学楼,疲劳,平静,茶香、清爽,热饮,咖啡因敏感慎用,咖啡因敏感慎用热饮清爽茶香型
S518,U518,图书馆/自习室,困倦,烦躁、平静,清爽,冷饮,咖啡因敏感慎用,咖啡因敏感慎用冷饮清爽型
S519,U519,商场/商业街,疲劳,烦躁、开心,清爽、酸感,冷饮,低糖,低糖冷饮清爽酸感型
S520,U520,图书馆/自习室,疲劳,平静,咖啡香、苦感,热饮,低糖,低糖热饮咖啡香苦感型
S521,U521,公园/户外,疲劳、感觉有点热,平静,清爽,冷饮,低糖,低糖冷饮清爽型
S522,U522,图书馆/自习室、地铁/公交/车站,困倦,平静,咖啡香、苦感,热饮,乳糖不耐慎用,乳糖不耐慎用热饮咖啡香苦感型
S523,U523,图书馆/自习室,困倦,烦躁,清爽,热饮,,热饮清爽型
S524,U524,地铁/公交/车站,良好,平静,果香、清爽,热饮,低糖、咖啡因敏感慎用,低糖热饮清爽果香型
S525,U525,地铁/公交/车站,困倦,平静,奶香、甜感,冷饮,,冷饮奶香甜感型
S526,U526,地铁/公交/车站、公园/户外,疲劳、感觉有点热,平静,清爽,热饮,低刺激,低刺激热饮清爽型
S527,U527,图书馆/自习室,困倦,烦躁,清爽、花香,冷饮,咖啡因敏感慎用,咖啡因敏感慎用冷饮清爽花香型
S528,U528,地铁/公交/车站、公园/户外,困倦、感觉有点冷,平静,茶香、清爽,热饮,乳糖不耐慎用,乳糖不耐慎用热饮清爽茶香型
S529,U529,地铁/公交/车站,困倦,平静,茶香、清爽,冷饮,咖啡因敏感慎用,咖啡因敏感慎用冷饮清爽茶香型
S530,U530,地铁/公交/车站,疲劳,烦躁,茶香、甜感,热饮,乳糖不耐慎用,乳糖不耐慎用热饮茶香甜感型
S531,U531,图书馆/自习室、地铁/公交/车站,良好,平静,清爽,热饮,低刺激,低刺激热饮清爽型
S532,U532,学校/教学楼,疲劳,平静,清爽、果香,热饮,低糖,低糖热饮清爽果香型
S533,U533,地铁/公交/车站,疲劳,紧张,咖啡香、苦感、清爽,冷饮,咖啡因敏感慎用,咖啡因敏感慎用冷饮清爽咖啡香型
S534,U534,图书馆/自习室,良好,紧张,花香、清爽,热饮,咖啡因敏感慎用、乳糖不耐慎用,咖啡因敏感慎用热饮清爽花香型
S535,U535,地铁/公交/车站,困倦,烦躁,清爽、苦感,热饮,,热饮清爽苦感型
S536,U536,地铁/公交/车站、公园/户外,感觉有点冷,平静,果香、清爽,热饮,乳糖不耐慎用,乳糖不耐慎用热饮清爽果香型
S537,U537,图书馆/自习室、地铁/公交/车站,疲劳,平静,奶香,热饮,低刺激、咖啡因敏感慎用,低刺激热饮奶香型
S538,U538,图书馆/自习室,困倦,平静,清爽、果香,冷饮,低糖,低糖冷饮清爽果香型
S539,U539,公园/户外,疲劳、感觉有点热,烦躁,清爽,冷饮,低糖,低糖冷饮清爽型
S540,U540,图书馆/自习室、地铁/公交/车站,困倦,紧张,咖啡香、苦感、清爽,冷饮,咖啡因敏感慎用,咖啡因敏感慎用冷饮清爽咖啡香型
S541,U541,地铁/公交/车站、公园/户外,疲劳、感觉有点冷,烦躁,清爽,热饮,低刺激、咖啡因敏感慎用,低刺激热饮清爽型
S542,U542,商场/商业街、公园/户外,感觉有点热,开心,清爽,冷饮,低糖,低糖冷饮清爽型
S543,U543,地铁/公交/车站,良好,开心,茶香、果香,热饮,低糖、低刺激,低糖热饮茶香果香型
S544,U544,图书馆/自习室,困倦,紧张,茶香、清爽,热饮,咖啡因敏感慎用,咖啡因敏感慎用热饮清爽茶香型
S545,U545,地铁/公交/车站,疲劳,烦躁,清爽、气泡感,热饮,低刺激,低刺激热饮清爽气泡感型
S546,U546,图书馆/自习室,困倦,烦躁,花香,热饮,低刺激、咖啡因敏感慎用,低刺激热饮花香型
S547,U547,地铁/公交/车站、公园/户外,困倦、感觉有点冷,平静,清爽,热饮,低刺激,低刺激热饮清爽型
S548,U548,图书馆/自习室,良好,烦躁,清爽,热饮,咖啡因敏感慎用,咖啡因敏感慎用热饮清爽型
S549,U549,图书馆/自习室,疲劳,烦躁,清爽,热饮,低刺激、咖啡因敏感慎用,低刺激热饮清爽型
S550,U550,图书馆/自习室,良好,烦躁,清爽,热饮,低刺激、咖啡因敏感慎用,低刺激热饮清爽型
S551,U551,公园/户外,感觉有点冷,烦躁,花香、清爽,热饮,低刺激,低刺激热饮清爽花香型
S552,U552,公园/户外,疲劳、感觉有点冷,平静,甜感,热饮,乳糖不耐慎用,乳糖不耐慎用热饮甜感型
S553,U553,商场/商业街,良好,平静,清爽,常温,低糖、低刺激,低糖常温清爽型
S554,U554,地铁/公交/车站,疲劳,开心,果香、酸感、清爽,冷饮,低糖,低糖冷饮清爽果香型
S555,U555,学校/教学楼,疲劳,紧张,清爽、果香,热饮,低糖,低糖热饮清爽果香型
S556,U556,地铁/公交/车站,良好,烦躁,花香,常温,低刺激、咖啡因敏感慎用,低刺激常温花香型
S557,U557,地铁/公交/车站、公园/户外,感觉有点冷,紧张,茶香、清爽,热饮,低糖、咖啡因敏感慎用,低糖热饮清爽茶香型
S558,U558,商场/商业街、地铁/公交/车站,疲劳,烦躁,茶香、甜感,热饮,低糖,低糖热饮茶香甜感型
S559,U559,地铁/公交/车站,困倦,紧张,清爽,冷饮,低糖,低糖冷饮清爽型
S560,U560,学校/教学楼,疲劳,平静,清爽、果香、酸感,冷饮,低糖,低糖冷饮清爽果香型
S561,U561,商场/商业街,疲劳,平静,清爽,冷饮,,冷饮清爽型
S562,U562,图书馆/自习室、地铁/公交/车站,良好,平静,花香、清爽,热饮,低糖、乳糖不耐慎用,低糖热饮清爽花香型
S563,U563,商场/商业街,困倦,低落,花香、甜感,冷饮,乳糖不耐慎用,乳糖不耐慎用冷饮花香甜感型
S564,U564,图书馆/自习室、地铁/公交/车站,疲劳,紧张,咖啡香、苦感、清爽,热饮,低糖,低糖热饮清爽咖啡香型
S565,U565,图书馆/自习室,困倦,平静,茶香、清爽,热饮,,热饮清爽茶香型
S566,U566,图书馆/自习室、地铁/公交/车站,疲劳,平静,奶香,热饮,,热饮奶香型
S567,U567,图书馆/自习室,困倦,烦躁,茶香、清爽,常温,咖啡因敏感慎用,咖啡因敏感慎用常温清爽茶香型
S568,U568,地铁/公交/车站,困倦,紧张,清爽,冷饮,咖啡因敏感慎用,咖啡因敏感慎用冷饮清爽型
S569,U569,图书馆/自习室,困倦,烦躁,奶香、甜感,冷饮,乳糖不耐慎用,乳糖不耐慎用冷饮奶香甜感型
S570,U570,商场/商业街,疲劳,平静,果香、酸感、清爽,冷饮,低糖,低糖冷饮清爽果香型
S571,U571,图书馆/自习室、地铁/公交/车站,困倦,紧张,茶香、清爽,常温,咖啡因敏感慎用,咖啡因敏感慎用常温清爽茶香型
S572,U572,图书馆/自习室,困倦,开心,花香、甜感,常温,乳糖不耐慎用,乳糖不耐慎用常温花香甜感型
S573,U573,健身房/运动场、地铁/公交/车站,疲劳、口渴,平静,清爽、果香,热饮,低刺激,低刺激热饮清爽果香型
S574,U574,地铁/公交/车站,良好,紧张,清爽,常温,低糖、咖啡因敏感慎用,低糖常温清爽型
S575,U575,地铁/公交/车站,疲劳,平静,清爽,冷饮,低糖,低糖冷饮清爽型
S576,U576,地铁/公交/车站、公园/户外,疲劳、感觉有点热,开心,清爽,热饮,低刺激,低刺激热饮清爽型
S577,U577,学校/教学楼,困倦,烦躁,茶香、清爽,常温,低糖,低糖常温清爽茶香型
S578,U578,图书馆/自习室,困倦,平静,清爽、茶香,热饮,,热饮清爽茶香型
S579,U579,学校/教学楼,困倦,烦躁,咖啡香、苦感、清爽,冷饮,低糖,低糖冷饮清爽咖啡香型
S580,U580,健身房/运动场,口渴、疲劳,烦躁,清爽,冷饮,低糖,低糖冷饮清爽型
S581,U581,商场/商业街、公园/户外,感觉有点热,烦躁,清爽、果香,冷饮,低糖,低糖冷饮清爽果香型
S582,U582,商场/商业街、地铁/公交/车站,疲劳,平静,清爽、果香,热饮,低刺激,低刺激热饮清爽果香型
S583,U583,地铁/公交/车站,困倦,烦躁,清爽,热饮,咖啡因敏感慎用,咖啡因敏感慎用热饮清爽型
S584,U584,图书馆/自习室、地铁/公交/车站,良好,低落,清爽,热饮,低刺激、咖啡因敏感慎用,低刺激热饮清爽型
S585,U585,地铁/公交/车站,良好,烦躁,茶香、清爽,热饮,低糖、咖啡因敏感慎用,低糖热饮清爽茶香型
S586,U586,地铁/公交/车站、公园/户外,疲劳、感觉有点热,烦躁,茶香、果香,热饮,低刺激,低刺激热饮茶香果香型
S587,U587,图书馆/自习室,疲劳,低落,甜感,热饮,低刺激、乳糖不耐慎用,低刺激热饮甜感型
S588,U588,地铁/公交/车站、公园/户外,疲劳、感觉有点冷,平静,奶香,热饮,乳糖不耐慎用,乳糖不耐慎用热饮奶香型
S589,U589,商场/商业街,良好,开心,清爽、气泡感,热饮,低糖、低刺激,低糖热饮清爽气泡感型
S590,U590,图书馆/自习室,良好,平静,清爽,热饮,低刺激、咖啡因敏感慎用,低刺激热饮清爽型
S591,U591,图书馆/自习室、地铁/公交/车站,良好,烦躁,花香、清爽,热饮,低糖、低刺激,低糖热饮清爽花香型
S592,U592,商场/商业街、地铁/公交/车站,疲劳,烦躁,清爽、气泡感,常温,低刺激,低刺激常温清爽气泡感型
S593,U593,图书馆/自习室,困倦,平静,奶香,热饮,低刺激、咖啡因敏感慎用,低刺激热饮奶香型
S594,U594,地铁/公交/车站,良好,烦躁,茶香、果香,冷饮,低糖,低糖冷饮茶香果香型
S595,U595,地铁/公交/车站、公园/户外,疲劳、感觉有点热,烦躁,果香、酸感、清爽,冷饮,低糖,低糖冷饮清爽果香型
S596,U596,图书馆/自习室,困倦,紧张,清爽,冷饮,咖啡因敏感慎用,咖啡因敏感慎用冷饮清爽型
S597,U597,学校/教学楼,困倦,烦躁,清爽、茶香,常温,咖啡因敏感慎用,咖啡因敏感慎用常温清爽茶香型
S598,U598,地铁/公交/车站,困倦,烦躁,花香、甜感,热饮,,热饮花香甜感型
S599,U599,图书馆/自习室、地铁/公交/车站,困倦,平静,清爽,冷饮,低糖,低糖冷饮清爽型
S600,U600,商场/商业街,疲劳,烦躁,茶香、果香,冷饮,低糖,低糖冷饮茶香果香型
S601,U601,地铁/公交/车站,疲劳,平静,清爽,热饮,低刺激、咖啡因敏感慎用,低刺激热饮清爽型
S602,U602,地铁/公交/车站,良好,烦躁,清爽,热饮,低刺激、咖啡因敏感慎用,低刺激热饮清爽型
S603,U603,地铁/公交/车站、公园/户外,疲劳、感觉有点冷,低落,清爽,热饮,低刺激、咖啡因敏感慎用,低刺激热饮清爽型
S604,U604,地铁/公交/车站,疲劳,烦躁,茶香、清爽,冷饮,咖啡因敏感慎用,咖啡因敏感慎用冷饮清爽茶香型
S605,U605,学校/教学楼,困倦,平静,咖啡香、苦感、清爽,热饮,低糖,低糖热饮清爽咖啡香型
S606,U606,图书馆/自习室、商场/商业街,困倦,开心,咖啡香、苦感,冷饮,乳糖不耐慎用,乳糖不耐慎用冷饮咖啡香苦感型
S607,U607,公园/户外,疲劳、感觉有点冷,平静,奶香,热饮,低刺激、乳糖不耐慎用,低刺激热饮奶香型
S608,U608,公园/户外,疲劳、感觉有点热,平静,清爽、果香,热饮,低刺激,低刺激热饮清爽果香型
S609,U609,地铁/公交/车站,疲劳,烦躁,咖啡香、苦感、清爽,冷饮,低糖,低糖冷饮清爽咖啡香型
S610,U610,地铁/公交/车站,疲劳,开心,果香、酸感、清爽,冷饮,低糖,低糖冷饮清爽果香型
S611,U611,商场/商业街,困倦,开心,花香、甜感,热饮,乳糖不耐慎用,乳糖不耐慎用热饮花香甜感型
S612,U612,商场/商业街,疲劳,开心,花香、甜感,热饮,低糖,低糖热饮花香甜感型
S613,U613,学校/教学楼,困倦,紧张,清爽、茶香,热饮,低糖,低糖热饮清爽茶香型
S614,U614,图书馆/自习室,疲劳,平静,奶香、甜感,热饮,低糖,低糖热饮奶香甜感型
S615,U615,地铁/公交/车站,困倦,紧张,茶香、清爽,热饮,,热饮清爽茶香型
S616,U616,图书馆/自习室,疲劳,平静,咖啡香、苦感、清爽,冷饮,咖啡因敏感慎用,咖啡因敏感慎用冷饮清爽咖啡香型
S617,U617,地铁/公交/车站,良好,平静,果香、清爽,热饮,低刺激、咖啡因敏感慎用、乳糖不耐慎用,低刺激热饮清爽果香型
S618,U618,商场/商业街,疲劳,烦躁,咖啡香、苦感,热饮,乳糖不耐慎用,乳糖不耐慎用热饮咖啡香苦感型
S619,U619,公园/户外,疲劳、感觉有点热,烦躁,果香、酸感、清爽,热饮,低刺激,低刺激热饮清爽果香型
S620,U620,图书馆/自习室,疲劳,平静,茶香、清爽,热饮,低糖,低糖热饮清爽茶香型
S621,U621,图书馆/自习室、地铁/公交/车站,疲劳,开心,奶香、甜感,热饮,低糖,低糖热饮奶香甜感型
S622,U622,学校/教学楼、图书馆/自习室,困倦,紧张,清爽、茶香,热饮,低糖,低糖热饮清爽茶香型
S623,U623,地铁/公交/车站,困倦,紧张,茶香、花香、清爽,热饮,低糖,低糖热饮清爽茶香型
S624,U624,地铁/公交/车站,疲劳,烦躁,咖啡香、苦感、清爽,常温,低糖,低糖常温清爽咖啡香型
S625,U625,地铁/公交/车站,疲劳,烦躁,清爽、茶香、果香,冷饮,低糖,低糖冷饮清爽茶香型
S626,U626,地铁/公交/车站,疲劳,开心,咖啡香、苦感,冷饮,乳糖不耐慎用,乳糖不耐慎用冷饮咖啡香苦感型
S627,U627,图书馆/自习室,困倦,平静,清爽,热饮,咖啡因敏感慎用,咖啡因敏感慎用热饮清爽型
S628,U628,图书馆/自习室,疲劳,烦躁,茶香、清爽,冷饮,咖啡因敏感慎用,咖啡因敏感慎用冷饮清爽茶香型
S629,U629,学校/教学楼,困倦,紧张,咖啡香、苦感、清爽,热饮,低糖,低糖热饮清爽咖啡香型
S630,U630,商场/商业街,困倦,开心,清爽,冷饮,乳糖不耐慎用,乳糖不耐慎用冷饮清爽型
S631,U631,学校/教学楼、地铁/公交/车站,疲劳,紧张,茶香、清爽,冷饮,咖啡因敏感慎用,咖啡因敏感慎用冷饮清爽茶香型
S632,U632,健身房/运动场、地铁/公交/车站,疲劳、口渴,烦躁,清爽,冷饮,低糖,低糖冷饮清爽型
S633,U633,图书馆/自习室、地铁/公交/车站,良好,烦躁,茶香、清爽,热饮,低糖、低刺激,低糖热饮清爽茶香型
S634,U634,图书馆/自习室,困倦,开心,奶香、咖啡香、苦感,热饮,乳糖不耐慎用,乳糖不耐慎用热饮奶香咖啡香型
S635,U635,地铁/公交/车站,疲劳,平静,清爽、茶香,冷饮,咖啡因敏感慎用,咖啡因敏感慎用冷饮清爽茶香型
S636,U636,健身房/运动场,疲劳、口渴,开心,清爽、果香,冷饮,低糖,低糖冷饮清爽果香型
S637,U637,学校/教学楼、图书馆/自习室,困倦,平静,清爽,冷饮,低糖,低糖冷饮清爽型
S638,U638,商场/商业街,疲劳,烦躁,清爽,热饮,低刺激,低刺激热饮清爽型
S639,U639,商场/商业街,疲劳,低落,茶香、甜感,热饮,低糖,低糖热饮茶香甜感型
S640,U640,学校/教学楼,困倦,紧张,茶香、清爽,冷饮,咖啡因敏感慎用,咖啡因敏感慎用冷饮清爽茶香型
S641,U641,健身房/运动场,疲劳、口渴,烦躁,果香、酸感、清爽,冷饮,低糖,低糖冷饮清爽果香型
S642,U642,公园/户外,感觉有点冷,平静,果香、清爽,热饮,低糖、低刺激,低糖热饮清爽果香型
S643,U643,商场/商业街,疲劳,平静,清爽,冷饮,低糖,低糖冷饮清爽型
S644,U644,图书馆/自习室,良好,紧张,清爽,常温,咖啡因敏感慎用、乳糖不耐慎用,咖啡因敏感慎用常温清爽型
S645,U645,学校/教学楼,困倦,紧张,清爽、果香,冷饮,,冷饮清爽果香型
S646,U646,公园/户外,疲劳、感觉有点冷,烦躁,奶香,热饮,乳糖不耐慎用,乳糖不耐慎用热饮奶香型
S647,U647,图书馆/自习室、地铁/公交/车站,疲劳,紧张,清爽、果香,冷饮,低糖,低糖冷饮清爽果香型
S648,U648,地铁/公交/车站,困倦,平静,清爽、茶香,热饮,低糖,低糖热饮清爽茶香型
S649,U649,地铁/公交/车站、公园/户外,感觉有点热,烦躁,清爽、气泡感,冷饮,低糖,低糖冷饮清爽气泡感型
S650,U650,图书馆/自习室,疲劳,烦躁,清爽,热饮,乳糖不耐慎用,乳糖不耐慎用热饮清爽型
S651,U651,图书馆/自习室,困倦,烦躁,清爽,冷饮,乳糖不耐慎用,乳糖不耐慎用冷饮清爽型
S652,U652,图书馆/自习室,良好,低落,茶香、清爽,热饮,低刺激、咖啡因敏感慎用,低刺激热饮清爽茶香型
S653,U653,图书馆/自习室,困倦,低落,奶香,热饮,,热饮奶香型
S654,U654,商场/商业街,疲劳,烦躁,奶香、茶香、果香,常温,低糖,低糖常温茶香果香型
S655,U655,公园/户外,感觉有点冷,平静,茶香、清爽,热饮,低糖、低刺激,低糖热饮清爽茶香型
S656,U656,地铁/公交/车站,疲劳,烦躁,花香,热饮,低刺激,低刺激热饮花香型
S657,U657,地铁/公交/车站,疲劳,平静,果香、酸感、清爽,冷饮,低糖,低糖冷饮清爽果香型
S658,U658,图书馆/自习室,困倦,开心,花香、甜感、清爽,热饮,乳糖不耐慎用,乳糖不耐慎用热饮清爽花香型
S659,U659,地铁/公交/车站,疲劳,烦躁,茶香、清爽,冷饮,低糖,低糖冷饮清爽茶香型
S660,U660,图书馆/自习室,疲劳,低落,清爽,热饮,,热饮清爽型
S661,U661,公园/户外,疲劳、感觉有点热,烦躁,茶香、果香,冷饮,低糖,低糖冷饮茶香果香型
S662,U662,地铁/公交/车站,困倦,烦躁,茶香、清爽,热饮,乳糖不耐慎用,乳糖不耐慎用热饮清爽茶香型
S663,U663,地铁/公交/车站,疲劳,开心,果香、酸感、清爽,冷饮,低糖,低糖冷饮清爽果香型
S664,U664,图书馆/自习室、地铁/公交/车站,困倦,烦躁,清爽,热饮,低刺激、咖啡因敏感慎用,低刺激热饮清爽型
S665,U665,地铁/公交/车站,疲劳,平静,清爽,热饮,低刺激、乳糖不耐慎用,低刺激热饮清爽型
S666,U666,地铁/公交/车站,良好,紧张,花香、清爽,热饮,低糖、低刺激、咖啡因敏感慎用,低糖热饮清爽花香型
S667,U667,商场/商业街,疲劳,低落,清爽,冷饮,乳糖不耐慎用,乳糖不耐慎用冷饮清爽型
S668,U668,图书馆/自习室,疲劳,紧张,清爽、果香,冷饮,低糖,低糖冷饮清爽果香型
S669,U669,地铁/公交/车站,良好,紧张,清爽,热饮,低刺激、咖啡因敏感慎用,低刺激热饮清爽型
S670,U670,图书馆/自习室,良好,紧张,果香、清爽,热饮,低刺激、咖啡因敏感慎用,低刺激热饮清爽果香型
S671,U671,地铁/公交/车站,良好,烦躁,花香、清爽,热饮,低刺激、咖啡因敏感慎用,低刺激热饮清爽花香型
S672,U672,图书馆/自习室,困倦,平静,清爽,热饮,乳糖不耐慎用,乳糖不耐慎用热饮清爽型
S673,U673,地铁/公交/车站,良好,紧张,清爽,热饮,咖啡因敏感慎用,咖啡因敏感慎用热饮清爽型
S674,U674,健身房/运动场、商场/商业街,疲劳、口渴,烦躁,清爽、果香,冷饮,低糖,低糖冷饮清爽果香型
S675,U675,商场/商业街,疲劳,烦躁,茶香、果香,热饮,低刺激,低刺激热饮茶香果香型
S676,U676,地铁/公交/车站,困倦,紧张,咖啡香、苦感、清爽,冷饮,咖啡因敏感慎用,咖啡因敏感慎用冷饮清爽咖啡香型
S677,U677,公园/户外,感觉有点冷,平静,清爽,热饮,咖啡因敏感慎用、乳糖不耐慎用,咖啡因敏感慎用热饮清爽型
S678,U678,地铁/公交/车站,疲劳,平静,花香,热饮,低刺激,低刺激热饮花香型
S679,U679,图书馆/自习室,困倦,烦躁,茶香、清爽,热饮,低糖,低糖热饮清爽茶香型
S680,U680,公园/户外,疲劳、感觉有点冷,平静,清爽,热饮,低刺激、咖啡因敏感慎用,低刺激热饮清爽型
S681,U681,地铁/公交/车站,困倦,平静,清爽、果香,热饮,低糖,低糖热饮清爽果香型
S682,U682,商场/商业街,疲劳,烦躁,清爽、气泡感,热饮,低刺激,低刺激热饮清爽气泡感型
S683,U683,地铁/公交/车站,良好,紧张,花香、清爽,热饮,低刺激,低刺激热饮清爽花香型
S684,U684,图书馆/自习室、地铁/公交/车站,困倦,平静,咖啡香、苦感、清爽,热饮,咖啡因敏感慎用,咖啡因敏感慎用热饮清爽咖啡香型
S685,U685,商场/商业街,疲劳,烦躁,清爽,冷饮,低糖,低糖冷饮清爽型
S686,U686,图书馆/自习室、地铁/公交/车站,困倦,烦躁,清爽、果香,冷饮,低糖,低糖冷饮清爽果香型
S687,U687,健身房/运动场,疲劳、口渴,开心,清爽、果香,冷饮,低糖,低糖冷饮清爽果香型
S688,U688,地铁/公交/车站,良好,烦躁,清爽,常温,低刺激,低刺激常温清爽型
S689,U689,公园/户外,困倦、感觉有点冷,低落,奶香,热饮,低刺激、咖啡因敏感慎用,低刺激热饮奶香型
S690,U690,图书馆/自习室,疲劳,低落,奶香、甜感,热饮,,热饮奶香甜感型
S691,U691,地铁/公交/车站,困倦,紧张,清爽,热饮,咖啡因敏感慎用,咖啡因敏感慎用热饮清爽型
S692,U692,学校/教学楼、地铁/公交/车站,困倦,烦躁,清爽、果香、气泡感,热饮,低糖,低糖热饮清爽果香型
S693,U693,学校/教学楼,困倦,平静,茶香、清爽,冷饮,咖啡因敏感慎用,咖啡因敏感慎用冷饮清爽茶香型
S694,U694,图书馆/自习室,良好,低落,花香、清爽,热饮,低刺激、乳糖不耐慎用,低刺激热饮清爽花香型
S695,U695,地铁/公交/车站,困倦,开心,清爽,冷饮,乳糖不耐慎用,乳糖不耐慎用冷饮清爽型
S696,U696,学校/教学楼,困倦,平静,清爽,热饮,低糖,低糖热饮清爽型
S697,U697,地铁/公交/车站,困倦,开心,清爽,热饮,低糖,低糖热饮清爽型
S698,U698,公园/户外,疲劳、感觉有点冷,平静,奶香,热饮,咖啡因敏感慎用,咖啡因敏感慎用热饮奶香型
S699,U699,地铁/公交/车站,良好,平静,茶香、果香,冷饮,低糖,低糖冷饮茶香果香型
S700,U700,图书馆/自习室,疲劳,烦躁,清爽,热饮,低糖,低糖热饮清爽型
S701,U701,图书馆/自习室,良好,紧张,清爽,常温,低糖、低刺激、咖啡因敏感慎用,低糖常温清爽型
S702,U702,学校/教学楼、地铁/公交/车站,困倦,平静,茶香、清爽,冷饮,,冷饮清爽茶香型
S703,U703,学校/教学楼、地铁/公交/车站,困倦,平静,清爽,冷饮,低糖,低糖冷饮清爽型
S704,U704,地铁/公交/车站,疲劳,烦躁,咖啡香、苦感、清爽,热饮,,热饮清爽咖啡香型
S705,U705,商场/商业街,疲劳,平静,清爽、气泡感,热饮,低刺激,低刺激热饮清爽气泡感型
S706,U706,商场/商业街,疲劳,烦躁,茶香、果香、苦感,热饮,低刺激,低刺激热饮茶香果香型
S707,U707,图书馆/自习室、地铁/公交/车站,疲劳,平静,清爽,热饮,,热饮清爽型
S708,U708,学校/教学楼,困倦,烦躁,清爽,冷饮,低糖,低糖冷饮清爽型
S709,U709,地铁/公交/车站,良好,平静,清爽,热饮,咖啡因敏感慎用,咖啡因敏感慎用热饮清爽型
S710,U710,地铁/公交/车站,困倦,紧张,咖啡香、苦感、清爽,冷饮,低糖,低糖冷饮清爽咖啡香型
S711,U711,地铁/公交/车站,疲劳,平静,茶香、咖啡香、甜感,冷饮,乳糖不耐慎用,乳糖不耐慎用冷饮茶香咖啡香型
S712,U712,地铁/公交/车站,疲劳,烦躁,茶香、果香,热饮,低刺激,低刺激热饮茶香果香型
S713,U713,商场/商业街,疲劳,平静,清爽、气泡感,热饮,低刺激,低刺激热饮清爽气泡感型
S714,U714,地铁/公交/车站,困倦,烦躁,咖啡香、苦感、清爽,热饮,低糖,低糖热饮清爽咖啡香型
S715,U715,商场/商业街、公园/户外,疲劳、感觉有点热,开心,清爽,冷饮,低糖,低糖冷饮清爽型
S716,U716,地铁/公交/车站、公园/户外,疲劳、感觉有点冷,平静,茶香、清爽,热饮,低刺激,低刺激热饮清爽茶香型
S717,U717,地铁/公交/车站,疲劳,开心,清爽,热饮,乳糖不耐慎用,乳糖不耐慎用热饮清爽型
S718,U718,公园/户外,感觉有点冷,平静,清爽,热饮,低刺激、咖啡因敏感慎用,低刺激热饮清爽型
S719,U719,地铁/公交/车站、公园/户外,困倦、感觉有点冷,平静,花香,热饮,低刺激,低刺激热饮花香型
S720,U720,图书馆/自习室,疲劳,烦躁,奶香,热饮,低刺激,低刺激热饮奶香型
S721,U721,图书馆/自习室,疲劳,平静,奶香,热饮,乳糖不耐慎用,乳糖不耐慎用热饮奶香型
S722,U722,图书馆/自习室,良好,平静,茶香、清爽,热饮,低刺激,低刺激热饮清爽茶香型
S723,U723,地铁/公交/车站,疲劳,烦躁,清爽,冷饮,低糖,低糖冷饮清爽型
S724,U724,学校/教学楼,困倦,烦躁,清爽、酸感,热饮,咖啡因敏感慎用,咖啡因敏感慎用热饮清爽酸感型
S725,U725,图书馆/自习室,良好,平静,果香、清爽,热饮,低糖、低刺激,低糖热饮清爽果香型
S726,U726,图书馆/自习室,良好,平静,茶香、花香、清爽,热饮,低刺激,低刺激热饮清爽茶香型
S727,U727,图书馆/自习室、地铁/公交/车站,良好,紧张,果香、清爽,热饮,低糖、乳糖不耐慎用,低糖热饮清爽果香型
S728,U728,地铁/公交/车站、公园/户外,困倦、感觉有点热,开心,茶香、果香,冷饮,,冷饮茶香果香型
S729,U729,地铁/公交/车站,疲劳,低落,茶香、清爽,热饮,低刺激,低刺激热饮清爽茶香型
S730,U730,图书馆/自习室,困倦,开心,奶香、甜感,冷饮,低糖,低糖冷饮奶香甜感型
S731,U731,地铁/公交/车站,良好,平静,花香、清爽,热饮,低刺激、咖啡因敏感慎用,低刺激热饮清爽花香型
S732,U732,公园/户外,疲劳、感觉有点热,烦躁,清爽、果香,热饮,低刺激,低刺激热饮清爽果香型
S733,U733,图书馆/自习室,良好,平静,清爽、奶香,常温,低刺激、咖啡因敏感慎用,低刺激常温清爽奶香型
S734,U734,图书馆/自习室,困倦,烦躁,奶香、清爽,热饮,咖啡因敏感慎用,咖啡因敏感慎用热饮清爽奶香型
S735,U735,图书馆/自习室,困倦,平静,花香,热饮,低刺激,低刺激热饮花香型
S736,U736,学校/教学楼,困倦,烦躁,咖啡香、苦感、清爽,冷饮,咖啡因敏感慎用,咖啡因敏感慎用冷饮清爽咖啡香型
S737,U737,图书馆/自习室,困倦,紧张,咖啡香、苦感、清爽,热饮,咖啡因敏感慎用,咖啡因敏感慎用热饮清爽咖啡香型
S738,U738,图书馆/自习室、地铁/公交/车站,疲劳,烦躁,花香、甜感,冷饮,,冷饮花香甜感型
S739,U739,商场/商业街,困倦,开心,茶香、甜感,常温,乳糖不耐慎用,乳糖不耐慎用常温茶香甜感型
S740,U740,地铁/公交/车站,良好,平静,茶香、清爽,热饮,低刺激、咖啡因敏感慎用,低刺激热饮清爽茶香型
S741,U741,图书馆/自习室、地铁/公交/车站,疲劳,平静,花香、清爽,热饮,低刺激,低刺激热饮清爽花香型
S742,U742,图书馆/自习室,良好,平静,清爽,热饮,低刺激,低刺激热饮清爽型
S743,U743,地铁/公交/车站、公园/户外,感觉有点冷,平静,花香、清爽,热饮,低糖、低刺激、咖啡因敏感慎用,低糖热饮清爽花香型
S744,U744,健身房/运动场、商场/商业街,疲劳、口渴,烦躁,清爽、果香,热饮,低刺激,低刺激热饮清爽果香型
S745,U745,图书馆/自习室、地铁/公交/车站,疲劳,低落,花香、清爽,热饮,低刺激、咖啡因敏感慎用,低刺激热饮清爽花香型
S746,U746,商场/商业街,困倦,平静,茶香、甜感,冷饮,,冷饮茶香甜感型
S747,U747,地铁/公交/车站,困倦,烦躁,清爽,热饮,咖啡因敏感慎用,咖啡因敏感慎用热饮清爽型
S748,U748,图书馆/自习室,良好,平静,花香、清爽,热饮,低刺激、咖啡因敏感慎用,低刺激热饮清爽花香型
S749,U749,地铁/公交/车站,困倦,烦躁,奶香、甜感,冷饮,乳糖不耐慎用,乳糖不耐慎用冷饮奶香甜感型
S750,U750,地铁/公交/车站,疲劳,烦躁,果香、酸感、清爽,冷饮,,冷饮清爽果香型
S751,U751,图书馆/自习室,良好,低落,花香、清爽,热饮,低刺激,低刺激热饮清爽花香型
S752,U752,图书馆/自习室,疲劳,平静,茶香、清爽,常温,低刺激,低刺激常温清爽茶香型
S753,U753,商场/商业街、地铁/公交/车站,疲劳,开心,清爽、奶香、气泡感,热饮,低刺激,低刺激热饮清爽奶香型
S754,U754,地铁/公交/车站、公园/户外,感觉有点冷,平静,花香、清爽,热饮,低糖、乳糖不耐慎用,低糖热饮清爽花香型
S755,U755,图书馆/自习室,困倦,紧张,清爽、茶香,热饮,咖啡因敏感慎用,咖啡因敏感慎用热饮清爽茶香型
S756,U756,图书馆/自习室,良好,平静,清爽,热饮,低刺激、咖啡因敏感慎用,低刺激热饮清爽型
S757,U757,健身房/运动场,疲劳、口渴,开心,清爽、茶香、果香,冷饮,低刺激,低刺激冷饮清爽茶香型
S758,U758,地铁/公交/车站,良好,平静,清爽,热饮,低刺激,低刺激热饮清爽型
S759,U759,图书馆/自习室、地铁/公交/车站,困倦,平静,清爽、果香、酸感,热饮,低糖,低糖热饮清爽果香型
S760,U760,图书馆/自习室,良好,平静,花香、清爽,热饮,咖啡因敏感慎用,咖啡因敏感慎用热饮清爽花香型
S761,U761,健身房/运动场,口渴、疲劳,开心,清爽,热饮,低糖、低刺激,低糖热饮清爽型
S762,U762,地铁/公交/车站,疲劳,烦躁,果香、酸感、清爽,热饮,低刺激,低刺激热饮清爽果香型
S763,U763,图书馆/自习室,良好,紧张,花香、清爽,热饮,乳糖不耐慎用,乳糖不耐慎用热饮清爽花香型
S764,U764,图书馆/自习室,困倦,烦躁,清爽,冷饮,乳糖不耐慎用,乳糖不耐慎用冷饮清爽型
S765,U765,图书馆/自习室,疲劳,平静,奶香、花香、清爽,热饮,低刺激、咖啡因敏感慎用,低刺激热饮清爽奶香型
S766,U766,商场/商业街、地铁/公交/车站,困倦,开心,咖啡香、苦感,热饮,乳糖不耐慎用,乳糖不耐慎用热饮咖啡香苦感型
S767,U767,地铁/公交/车站,良好,烦躁,奶香,热饮,低刺激、乳糖不耐慎用,低刺激热饮奶香型
S768,U768,地铁/公交/车站,疲劳,平静,咖啡香、苦感,热饮,低糖,低糖热饮咖啡香苦感型
S769,U769,图书馆/自习室、地铁/公交/车站,疲劳,烦躁,花香、清爽,热饮,,热饮清爽花香型
S770,U770,地铁/公交/车站,良好,紧张,清爽,热饮,低糖、低刺激、咖啡因敏感慎用,低糖热饮清爽型
S771,U771,图书馆/自习室,困倦,平静,奶香、茶香,热饮,,热饮茶香奶香型
S772,U772,地铁/公交/车站,疲劳,烦躁,清爽、气泡感,常温,低刺激,低刺激常温清爽气泡感型
S773,U773,学校/教学楼,困倦,平静,清爽、茶香,冷饮,咖啡因敏感慎用,咖啡因敏感慎用冷饮清爽茶香型
S774,U774,图书馆/自习室、地铁/公交/车站,疲劳,烦躁,茶香、清爽,热饮,乳糖不耐慎用,乳糖不耐慎用热饮清爽茶香型
S775,U775,地铁/公交/车站,困倦,烦躁,奶香、甜感,热饮,,热饮奶香甜感型
S776,U776,地铁/公交/车站,疲劳,烦躁,咖啡香、苦感、清爽,冷饮,低糖,低糖冷饮清爽咖啡香型
S777,U777,学校/教学楼,疲劳,平静,清爽、茶香,冷饮,低糖,低糖冷饮清爽茶香型
S778,U778,图书馆/自习室,困倦,平静,咖啡香、苦感,冷饮,乳糖不耐慎用,乳糖不耐慎用冷饮咖啡香苦感型
S779,U779,地铁/公交/车站,疲劳,平静,清爽,冷饮,低糖,低糖冷饮清爽型
S780,U780,地铁/公交/车站,良好,平静,清爽,热饮,低糖、低刺激,低糖热饮清爽型
S781,U781,商场/商业街,困倦,低落,清爽,热饮,乳糖不耐慎用,乳糖不耐慎用热饮清爽型
S782,U782,图书馆/自习室,困倦,紧张,清爽、奶香,冷饮,低糖,低糖冷饮清爽奶香型
S783,U783,学校/教学楼,困倦,烦躁,清爽、茶香、果香,常温,咖啡因敏感慎用,咖啡因敏感慎用常温清爽茶香型
S784,U784,图书馆/自习室、公园/户外,感觉有点冷,紧张,花香、清爽,热饮,咖啡因敏感慎用、乳糖不耐慎用,咖啡因敏感慎用热饮清爽花香型
S785,U785,地铁/公交/车站,良好,平静,清爽,热饮,低糖、低刺激,低糖热饮清爽型
S786,U786,地铁/公交/车站,良好,平静,清爽,热饮,低刺激、咖啡因敏感慎用,低刺激热饮清爽型
S787,U787,商场/商业街,良好,烦躁,清爽,热饮,低糖、低刺激,低糖热饮清爽型
S788,U788,地铁/公交/车站,疲劳,烦躁,奶香、甜感,冷饮,乳糖不耐慎用,乳糖不耐慎用冷饮奶香甜感型
S789,U789,地铁/公交/车站,困倦,平静,咖啡香、苦感、清爽,热饮,咖啡因敏感慎用,咖啡因敏感慎用热饮清爽咖啡香型
S790,U790,图书馆/自习室、地铁/公交/车站,良好,烦躁,花香、清爽,热饮,低刺激、咖啡因敏感慎用,低刺激热饮清爽花香型
S791,U791,图书馆/自习室,疲劳,平静,茶香、清爽,常温,低刺激、咖啡因敏感慎用,低刺激常温清爽茶香型
S792,U792,图书馆/自习室,困倦,平静,清爽、果香,热饮,,热饮清爽果香型
S793,U793,图书馆/自习室,疲劳,低落,茶香、花香、甜感,冷饮,乳糖不耐慎用,乳糖不耐慎用冷饮茶香花香型
S794,U794,图书馆/自习室,困倦,紧张,清爽,热饮,,热饮清爽型
S795,U795,图书馆/自习室,良好,烦躁,清爽,热饮,低刺激、咖啡因敏感慎用,低刺激热饮清爽型
S796,U796,商场/商业街、地铁/公交/车站,疲劳,烦躁,清爽、果香,冷饮,,冷饮清爽果香型
S797,U797,图书馆/自习室,困倦,平静,咖啡香、苦感、清爽,热饮,,热饮清爽咖啡香型
S798,U798,图书馆/自习室、商场/商业街,困倦,开心,清爽,热饮,乳糖不耐慎用,乳糖不耐慎用热饮清爽型
S799,U799,图书馆/自习室,困倦,平静,花香,常温,低刺激,低刺激常温花香型
S800,U800,图书馆/自习室、公园/户外,感觉有点冷,烦躁,茶香、清爽,热饮,低糖、乳糖不耐慎用,低糖热饮清爽茶香型
S801,U801,学校/教学楼、图书馆/自习室,困倦,紧张,清爽、茶香,冷饮,低糖,低糖冷饮清爽茶香型
S802,U802,地铁/公交/车站,良好,烦躁,清爽,热饮,低糖、低刺激,低糖热饮清爽型
S803,U803,图书馆/自习室,困倦,低落,花香、清爽,热饮,低刺激,低刺激热饮清爽花香型
S804,U804,学校/教学楼,疲劳,紧张,清爽、茶香,热饮,,热饮清爽茶香型
S805,U805,地铁/公交/车站、公园/户外,疲劳、感觉有点冷,平静,花香,热饮,,热饮花香型
S806,U806,商场/商业街,疲劳,平静,清爽、咖啡香、苦感,冷饮,,冷饮清爽咖啡香型
S807,U807,地铁/公交/车站,困倦,开心,咖啡香、苦感,冷饮,乳糖不耐慎用,乳糖不耐慎用冷饮咖啡香苦感型
S808,U808,地铁/公交/车站,疲劳,开心,茶香、甜感,冷饮,乳糖不耐慎用,乳糖不耐慎用冷饮茶香甜感型
S809,U809,地铁/公交/车站,良好,平静,花香、清爽,热饮,低糖、低刺激、咖啡因敏感慎用,低糖热饮清爽花香型
S810,U810,图书馆/自习室,疲劳,平静,花香,热饮,低刺激,低刺激热饮花香型
S811,U811,学校/教学楼、地铁/公交/车站,疲劳,平静,清爽、茶香,常温,咖啡因敏感慎用,咖啡因敏感慎用常温清爽茶香型
S812,U812,健身房/运动场,口渴、疲劳,开心,茶香、果香,冷饮,低糖、低刺激,低糖冷饮茶香果香型
S813,U813,图书馆/自习室,困倦,烦躁,茶香、花香、甜感,冷饮,低糖,低糖冷饮茶香花香型
S814,U814,图书馆/自习室,疲劳,平静,咖啡香、苦感,热饮,乳糖不耐慎用,乳糖不耐慎用热饮咖啡香苦感型
S815,U815,图书馆/自习室、地铁/公交/车站,困倦,烦躁,茶香、清爽,热饮,咖啡因敏感慎用,咖啡因敏感慎用热饮清爽茶香型
S816,U816,学校/教学楼,困倦,烦躁,清爽、茶香,热饮,低糖,低糖热饮清爽茶香型
S817,U817,商场/商业街,疲劳,烦躁,清爽、花香、气泡感,冷饮,低糖,低糖冷饮清爽花香型
S818,U818,公园/户外,感觉有点冷,烦躁,清爽,热饮,低刺激、咖啡因敏感慎用,低刺激热饮清爽型
S819,U819,商场/商业街,疲劳,平静,清爽、果香、甜感,热饮,低刺激,低刺激热饮清爽果香型
S820,U820,图书馆/自习室,良好,平静,清爽,热饮,咖啡因敏感慎用、乳糖不耐慎用,咖啡因敏感慎用热饮清爽型
