recipe_id,饮品名称,饮品类型,成分组合,成分角色,用量等级,适配身体状态,适配心情状态,感官标签,体验标签,健康约束,适合场景,甜度建议,冷热建议,制作复杂度,推荐解释,视觉标签,可否机器制作
R001,柠檬白茶,茶果类,白茶、柠檬、代糖、冰块,白茶:基底；柠檬:风味；代糖:甜度；冰块:辅料,白茶:中；柠檬:少；代糖:少；冰块:少,困倦、疲劳、饱腹,无聊、兴奋、开心,清爽、茶香、果香、酸感、甜感,,低糖,图书馆/自习室、学校/教学楼、办公室/公司、餐厅/食堂,低糖,冷饮,简单,适合困倦、疲劳或无聊、兴奋时选择，主要呈现清爽、茶香、果香，冷热建议为冷饮，同时考虑低糖，咖啡因敏感慎用。,高明度、植物元素、冷色、流动线条,是
R002,青柠茉莉绿茶,茶果类,茉莉绿茶、青柠、代糖、冰块,茉莉绿茶:基底；青柠:风味；代糖:甜度；冰块:辅料,茉莉绿茶:中；青柠:少；代糖:少；冰块:少,困倦、疲劳、饱腹,无聊、兴奋、开心,清爽、茶香、果香、花香、酸感,,低糖、过敏风险,图书馆/自习室、学校/教学楼、办公室/公司、餐厅/食堂,低糖,冷饮,简单,适合困倦、疲劳或无聊、兴奋时选择，主要呈现清爽、茶香、果香，冷热建议为冷饮，同时考虑低糖，咖啡因敏感慎用。,高明度、植物元素、冷色、流动线条,是
R003,百香果乌龙茶,茶果类,乌龙茶、百香果、代糖、冰块,乌龙茶:基底；百香果:风味；代糖:甜度；冰块:辅料,乌龙茶:中；百香果:少；代糖:少；冰块:少,困倦、疲劳、饱腹,无聊、兴奋、开心,清爽、茶香、果香、酸感、甜感,,低糖,图书馆/自习室、学校/教学楼、办公室/公司、餐厅/食堂,低糖,冷饮,简单,适合困倦、疲劳或无聊、兴奋时选择，主要呈现清爽、茶香、果香，冷热建议为冷饮，同时考虑低糖，咖啡因敏感慎用。,高明度、植物元素、冷色、流动线条,是
R004,葡萄柚绿茶,茶果类,绿茶、葡萄柚、代糖、冰块,绿茶:基底；葡萄柚:风味；代糖:甜度；冰块:辅料,绿茶:中；葡萄柚:少；代糖:少；冰块:少,困倦、疲劳、饱腹,无聊、兴奋、开心,清爽、茶香、果香、酸感、甜感,,低糖,图书馆/自习室、学校/教学楼、办公室/公司、餐厅/食堂,低糖,冷饮,简单,适合困倦、疲劳或无聊、兴奋时选择，主要呈现清爽、茶香、果香，冷热建议为冷饮，同时考虑低糖，咖啡因敏感慎用。,高明度、植物元素、冷色、流动线条,是
R005,橙子伯爵红茶,茶果类,伯爵红茶、橙子、蜂蜜,伯爵红茶:基底；橙子:风味；蜂蜜:甜度,伯爵红茶:中；橙子:少；蜂蜜:少,困倦、疲劳、饱腹,低落、孤单、开心,清爽、茶香、果香、酸感、甜感,,过敏风险,图书馆/自习室、学校/教学楼、办公室/公司、餐厅/食堂,少糖,热饮,简单,适合困倦、疲劳或低落、孤单时选择，主要呈现清爽、茶香、果香，冷热建议为热饮，同时考虑咖啡因敏感慎用，过敏风险。,暖色、低饱和、柔和线条、高明度,是
R006,草莓红茶,茶果类,红茶、草莓、代糖、冰块,红茶:基底；草莓:风味；代糖:甜度；冰块:辅料,红茶:中；草莓:少；代糖:少；冰块:少,困倦、疲劳、饱腹,无聊、兴奋、开心,清爽、茶香、果香、甜感、苦感,,低糖,图书馆/自习室、学校/教学楼、办公室/公司、餐厅/食堂,低糖,冷饮,简单,适合困倦、疲劳或无聊、兴奋时选择，主要呈现清爽、茶香、果香，冷热建议为冷饮，同时考虑低糖，咖啡因敏感慎用。,高明度、植物元素、冷色、流动线条,是
R007,蓝莓白茶,茶果类,白茶、蓝莓、代糖,白茶:基底；蓝莓:风味；代糖:甜度,白茶:中；蓝莓:少；代糖:少,困倦、疲劳、饱腹,紧张、平静、烦躁,清爽、茶香、果香、酸感、甜感,,低糖,图书馆/自习室、学校/教学楼、办公室/公司、餐厅/食堂,低糖,常温,简单,适合困倦、疲劳或紧张、平静时选择，主要呈现清爽、茶香、果香，冷热建议为常温，同时考虑低糖，咖啡因敏感慎用。,冷色、高明度、低饱和、圆润,是
R008,苹果玄米茶,茶果类,玄米茶、苹果、蜂蜜,玄米茶:基底；苹果:风味；蜂蜜:甜度,玄米茶:中；苹果:少；蜂蜜:少,困倦、疲劳、饱腹,低落、孤单、开心,清爽、茶香、果香、甜感,,过敏风险,图书馆/自习室、学校/教学楼、办公室/公司、餐厅/食堂,少糖,热饮,简单,适合困倦、疲劳或低落、孤单时选择，主要呈现清爽、茶香、果香，冷热建议为热饮，同时考虑咖啡因敏感慎用，过敏风险。,暖色、低饱和、柔和线条、高明度,是
R009,桃子轻发酵乌龙,茶果类,轻发酵乌龙、桃子、代糖、冰块,轻发酵乌龙:基底；桃子:风味；代糖:甜度；冰块:辅料,轻发酵乌龙:中；桃子:少；代糖:少；冰块:少,困倦、疲劳、饱腹,无聊、兴奋、开心,清爽、茶香、果香、花香、甜感,,低糖,图书馆/自习室、学校/教学楼、办公室/公司、餐厅/食堂,低糖,冷饮,简单,适合困倦、疲劳或无聊、兴奋时选择，主要呈现清爽、茶香、果香，冷热建议为冷饮，同时考虑低糖，咖啡因敏感慎用。,高明度、植物元素、冷色、流动线条,是
R010,芒果乌龙茶,茶果类,乌龙茶、芒果、代糖、冰块,乌龙茶:基底；芒果:风味；代糖:甜度；冰块:辅料,乌龙茶:中；芒果:少；代糖:少；冰块:少,困倦、疲劳、饱腹,无聊、兴奋、开心,清爽、茶香、果香、甜感,,低糖,图书馆/自习室、学校/教学楼、办公室/公司、餐厅/食堂,低糖,冷饮,简单,适合困倦、疲劳或无聊、兴奋时选择，主要呈现清爽、茶香、果香，冷热建议为冷饮，同时考虑低糖，咖啡因敏感慎用。,高明度、植物元素、冷色、流动线条,是
R011,菠萝绿茶,茶果类,绿茶、菠萝、代糖、冰块,绿茶:基底；菠萝:风味；代糖:甜度；冰块:辅料,绿茶:中；菠萝:少；代糖:少；冰块:少,困倦、疲劳、饱腹,无聊、兴奋、开心,清爽、茶香、果香、酸感、甜感,,低糖,图书馆/自习室、学校/教学楼、办公室/公司、餐厅/食堂,低糖,冷饮,简单,适合困倦、疲劳或无聊、兴奋时选择，主要呈现清爽、茶香、果香，冷热建议为冷饮，同时考虑低糖，咖啡因敏感慎用。,高明度、植物元素、冷色、流动线条,是
R012,荔枝茉莉绿茶,茶果类,茉莉绿茶、荔枝、代糖、冰块,茉莉绿茶:基底；荔枝:风味；代糖:甜度；冰块:辅料,茉莉绿茶:中；荔枝:少；代糖:少；冰块:少,困倦、疲劳、饱腹,无聊、兴奋、开心,清爽、茶香、果香、花香、甜感,,低糖、过敏风险,图书馆/自习室、学校/教学楼、办公室/公司、餐厅/食堂,低糖,冷饮,简单,适合困倦、疲劳或无聊、兴奋时选择，主要呈现清爽、茶香、果香，冷热建议为冷饮，同时考虑低糖，咖啡因敏感慎用。,高明度、植物元素、冷色、流动线条,是
R013,西瓜白茶,茶果类,白茶、西瓜、代糖、冰块,白茶:基底；西瓜:风味；代糖:甜度；冰块:辅料,白茶:中；西瓜:少；代糖:少；冰块:少,困倦、疲劳、饱腹,无聊、兴奋、开心,清爽、茶香、果香、甜感,,低糖,图书馆/自习室、学校/教学楼、办公室/公司、餐厅/食堂,低糖,冷饮,简单,适合困倦、疲劳或无聊、兴奋时选择，主要呈现清爽、茶香、果香，冷热建议为冷饮，同时考虑低糖，咖啡因敏感慎用。,高明度、植物元素、冷色、流动线条,是
R014,葡萄焙茶,茶果类,焙茶、葡萄、代糖,焙茶:基底；葡萄:风味；代糖:甜度,焙茶:中；葡萄:少；代糖:少,困倦、疲劳、饱腹,紧张、平静、烦躁,清爽、茶香、果香、甜感,,低糖,图书馆/自习室、学校/教学楼、办公室/公司、餐厅/食堂,低糖,热饮,简单,适合困倦、疲劳或紧张、平静时选择，主要呈现清爽、茶香、果香，冷热建议为热饮，同时考虑低糖，咖啡因敏感慎用。,暖色、低饱和、柔和线条、冷色,是
R015,陈皮普洱茶,茶果类,普洱茶、陈皮、代糖,普洱茶:基底；陈皮:风味；代糖:甜度,普洱茶:中；陈皮:少；代糖:少,困倦、疲劳、饱腹,紧张、平静、低落,清爽、茶香、果香、花香、甜感,,低糖、过敏风险,图书馆/自习室、学校/教学楼、办公室/公司、餐厅/食堂,低糖,热饮,简单,适合困倦、疲劳或紧张、平静时选择，主要呈现清爽、茶香、果香，冷热建议为热饮，同时考虑低糖，咖啡因敏感慎用。,暖色、低饱和、柔和线条、高明度,是
R016,柠檬铁观音,茶果类,铁观音、柠檬、代糖,铁观音:基底；柠檬:风味；代糖:甜度,铁观音:中；柠檬:少；代糖:少,困倦、疲劳、饱腹,紧张、平静、烦躁,清爽、茶香、果香、酸感、甜感,,低糖,图书馆/自习室、学校/教学楼、办公室/公司、餐厅/食堂,低糖,常温,简单,适合困倦、疲劳或紧张、平静时选择，主要呈现清爽、茶香、果香，冷热建议为常温，同时考虑低糖，咖啡因敏感慎用。,冷色、高明度、低饱和、圆润,是
R017,桃子红茶,茶果类,红茶、桃子、蜂蜜,红茶:基底；桃子:风味；蜂蜜:甜度,红茶:中；桃子:少；蜂蜜:少,困倦、疲劳、饱腹,低落、孤单、开心,清爽、茶香、果香、甜感、苦感,,过敏风险,图书馆/自习室、学校/教学楼、办公室/公司、餐厅/食堂,少糖,热饮,简单,适合困倦、疲劳或低落、孤单时选择，主要呈现清爽、茶香、果香，冷热建议为热饮，同时考虑咖啡因敏感慎用，过敏风险。,暖色、低饱和、柔和线条、圆润,是
R018,蓝莓伯爵红茶,茶果类,伯爵红茶、蓝莓、代糖、冰块,伯爵红茶:基底；蓝莓:风味；代糖:甜度；冰块:辅料,伯爵红茶:中；蓝莓:少；代糖:少；冰块:少,困倦、疲劳、饱腹,无聊、兴奋、开心,清爽、茶香、果香、酸感、甜感,,低糖,图书馆/自习室、学校/教学楼、办公室/公司、餐厅/食堂,低糖,冷饮,简单,适合困倦、疲劳或无聊、兴奋时选择，主要呈现清爽、茶香、果香，冷热建议为冷饮，同时考虑低糖，咖啡因敏感慎用。,高明度、植物元素、冷色、流动线条,是
R019,橙子白茶,茶果类,白茶、橙子、代糖,白茶:基底；橙子:风味；代糖:甜度,白茶:中；橙子:少；代糖:少,困倦、疲劳、饱腹,紧张、平静、烦躁,清爽、茶香、果香、酸感、甜感,,低糖,图书馆/自习室、学校/教学楼、办公室/公司、餐厅/食堂,低糖,常温,简单,适合困倦、疲劳或紧张、平静时选择，主要呈现清爽、茶香、果香，冷热建议为常温，同时考虑低糖，咖啡因敏感慎用。,暖色、高明度、低饱和、圆润,是
R020,草莓玄米茶,茶果类,玄米茶、草莓、代糖,玄米茶:基底；草莓:风味；代糖:甜度,玄米茶:中；草莓:少；代糖:少,困倦、疲劳、饱腹,紧张、平静、烦躁,清爽、茶香、果香、甜感,,低糖,图书馆/自习室、学校/教学楼、办公室/公司、餐厅/食堂,低糖,热饮,简单,适合困倦、疲劳或紧张、平静时选择，主要呈现清爽、茶香、果香，冷热建议为热饮，同时考虑低糖，咖啡因敏感慎用。,暖色、低饱和、柔和线条、高明度,是
R021,葡萄乌龙茶,茶果类,乌龙茶、葡萄、代糖、冰块,乌龙茶:基底；葡萄:风味；代糖:甜度；冰块:辅料,乌龙茶:中；葡萄:少；代糖:少；冰块:少,困倦、疲劳、饱腹,无聊、兴奋、开心,清爽、茶香、果香、甜感,,低糖,图书馆/自习室、学校/教学楼、办公室/公司、餐厅/食堂,低糖,冷饮,简单,适合困倦、疲劳或无聊、兴奋时选择，主要呈现清爽、茶香、果香，冷热建议为冷饮，同时考虑低糖，咖啡因敏感慎用。,高明度、植物元素、冷色、流动线条,是
R022,苹果茉莉绿茶,茶果类,茉莉绿茶、苹果、代糖,茉莉绿茶:基底；苹果:风味；代糖:甜度,茉莉绿茶:中；苹果:少；代糖:少,困倦、疲劳、饱腹,紧张、平静、烦躁,清爽、茶香、果香、花香、甜感,,低糖、过敏风险,图书馆/自习室、学校/教学楼、办公室/公司、餐厅/食堂,低糖,常温,简单,适合困倦、疲劳或紧张、平静时选择，主要呈现清爽、茶香、果香，冷热建议为常温，同时考虑低糖，咖啡因敏感慎用。,冷色、高明度、低饱和、圆润,是
R023,西瓜绿茶,茶果类,绿茶、西瓜、冰块、冰块,绿茶:基底；西瓜:风味；冰块:辅料；冰块:辅料,绿茶:中；西瓜:少；冰块:少；冰块:少,困倦、疲劳、饱腹,无聊、兴奋、开心,清爽、茶香、果香、甜感、苦感,,低糖,图书馆/自习室、学校/教学楼、办公室/公司、餐厅/食堂,低糖,冷饮,简单,适合困倦、疲劳或无聊、兴奋时选择，主要呈现清爽、茶香、果香，冷热建议为冷饮，同时考虑低糖，咖啡因敏感慎用。,高明度、植物元素、冷色、流动线条,是
R024,百香果铁观音,茶果类,铁观音、百香果、代糖、冰块,铁观音:基底；百香果:风味；代糖:甜度；冰块:辅料,铁观音:中；百香果:少；代糖:少；冰块:少,困倦、疲劳、饱腹,无聊、兴奋、开心,清爽、茶香、果香、酸感、甜感,,低糖,图书馆/自习室、学校/教学楼、办公室/公司、餐厅/食堂,低糖,冷饮,简单,适合困倦、疲劳或无聊、兴奋时选择，主要呈现清爽、茶香、果香，冷热建议为冷饮，同时考虑低糖，咖啡因敏感慎用。,高明度、植物元素、冷色、流动线条,是
R025,菠萝白茶,茶果类,白茶、菠萝、代糖、冰块,白茶:基底；菠萝:风味；代糖:甜度；冰块:辅料,白茶:中；菠萝:少；代糖:少；冰块:少,困倦、疲劳、饱腹,无聊、兴奋、开心,清爽、茶香、果香、酸感、甜感,,低糖,图书馆/自习室、学校/教学楼、办公室/公司、餐厅/食堂,低糖,冷饮,简单,适合困倦、疲劳或无聊、兴奋时选择，主要呈现清爽、茶香、果香，冷热建议为冷饮，同时考虑低糖，咖啡因敏感慎用。,高明度、植物元素、冷色、流动线条,是
R026,橙子普洱茶,茶果类,普洱茶、橙子、蜂蜜,普洱茶:基底；橙子:风味；蜂蜜:甜度,普洱茶:中；橙子:少；蜂蜜:少,困倦、疲劳、饱腹,低落、孤单、开心,清爽、茶香、果香、酸感、甜感,,过敏风险,图书馆/自习室、学校/教学楼、办公室/公司、餐厅/食堂,少糖,热饮,简单,适合困倦、疲劳或低落、孤单时选择，主要呈现清爽、茶香、果香，冷热建议为热饮，同时考虑咖啡因敏感慎用，过敏风险。,暖色、低饱和、柔和线条、高明度,是
R027,柠檬轻发酵乌龙,茶果类,轻发酵乌龙、柠檬、代糖、冰块,轻发酵乌龙:基底；柠檬:风味；代糖:甜度；冰块:辅料,轻发酵乌龙:中；柠檬:少；代糖:少；冰块:少,困倦、疲劳、饱腹,无聊、兴奋、开心,清爽、茶香、果香、花香、酸感,,低糖,图书馆/自习室、学校/教学楼、办公室/公司、餐厅/食堂,低糖,冷饮,简单,适合困倦、疲劳或无聊、兴奋时选择，主要呈现清爽、茶香、果香，冷热建议为冷饮，同时考虑低糖，咖啡因敏感慎用。,高明度、植物元素、冷色、流动线条,是
R028,苹果焙茶,茶果类,焙茶、苹果、代糖,焙茶:基底；苹果:风味；代糖:甜度,焙茶:中；苹果:少；代糖:少,困倦、疲劳、饱腹,紧张、平静、烦躁,清爽、茶香、果香、甜感,,低糖,图书馆/自习室、学校/教学楼、办公室/公司、餐厅/食堂,低糖,热饮,简单,适合困倦、疲劳或紧张、平静时选择，主要呈现清爽、茶香、果香，冷热建议为热饮，同时考虑低糖，咖啡因敏感慎用。,暖色、低饱和、柔和线条、高明度,是
R029,荔枝伯爵红茶,茶果类,伯爵红茶、荔枝、代糖、冰块,伯爵红茶:基底；荔枝:风味；代糖:甜度；冰块:辅料,伯爵红茶:中；荔枝:少；代糖:少；冰块:少,困倦、疲劳、饱腹,无聊、兴奋、开心,清爽、茶香、果香、甜感,,低糖,图书馆/自习室、学校/教学楼、办公室/公司、餐厅/食堂,低糖,冷饮,简单,适合困倦、疲劳或无聊、兴奋时选择，主要呈现清爽、茶香、果香，冷热建议为冷饮，同时考虑低糖，咖啡因敏感慎用。,高明度、植物元素、冷色、流动线条,是
R030,芒果红茶,茶果类,红茶、芒果、代糖,红茶:基底；芒果:风味；代糖:甜度,红茶:中；芒果:少；代糖:少,困倦、疲劳、饱腹,紧张、平静、烦躁,清爽、茶香、果香、甜感、苦感,,低糖,图书馆/自习室、学校/教学楼、办公室/公司、餐厅/食堂,低糖,常温,简单,适合困倦、疲劳或紧张、平静时选择，主要呈现清爽、茶香、果香，冷热建议为常温，同时考虑低糖，咖啡因敏感慎用。,暖色、高明度、低饱和、圆润,是
R031,陈皮玄米茶,茶果类,玄米茶、陈皮、代糖,玄米茶:基底；陈皮:风味；代糖:甜度,玄米茶:中；陈皮:少；代糖:少,困倦、疲劳、饱腹,紧张、平静、低落,清爽、茶香、果香、花香、甜感,,低糖、过敏风险,图书馆/自习室、学校/教学楼、办公室/公司、餐厅/食堂,低糖,热饮,简单,适合困倦、疲劳或紧张、平静时选择，主要呈现清爽、茶香、果香，冷热建议为热饮，同时考虑低糖，咖啡因敏感慎用。,暖色、低饱和、柔和线条、高明度,是
R032,葡萄柚白茶,茶果类,白茶、葡萄柚、代糖,白茶:基底；葡萄柚:风味；代糖:甜度,白茶:中；葡萄柚:少；代糖:少,困倦、疲劳、饱腹,紧张、平静、烦躁,清爽、茶香、果香、酸感、甜感,,低糖,图书馆/自习室、学校/教学楼、办公室/公司、餐厅/食堂,低糖,常温,简单,适合困倦、疲劳或紧张、平静时选择，主要呈现清爽、茶香、果香，冷热建议为常温，同时考虑低糖，咖啡因敏感慎用。,暖色、高明度、低饱和、圆润,是
R033,草莓茉莉绿茶,茶果类,茉莉绿茶、草莓、代糖、冰块,茉莉绿茶:基底；草莓:风味；代糖:甜度；冰块:辅料,茉莉绿茶:中；草莓:少；代糖:少；冰块:少,困倦、疲劳、饱腹,无聊、兴奋、开心,清爽、茶香、果香、花香、甜感,,低糖、过敏风险,图书馆/自习室、学校/教学楼、办公室/公司、餐厅/食堂,低糖,冷饮,简单,适合困倦、疲劳或无聊、兴奋时选择，主要呈现清爽、茶香、果香，冷热建议为冷饮，同时考虑低糖，咖啡因敏感慎用。,高明度、植物元素、冷色、流动线条,是
R034,青柠乌龙茶,茶果类,乌龙茶、青柠、代糖、冰块,乌龙茶:基底；青柠:风味；代糖:甜度；冰块:辅料,乌龙茶:中；青柠:少；代糖:少；冰块:少,困倦、疲劳、饱腹,无聊、兴奋、开心,清爽、茶香、果香、酸感、甜感,,低糖,图书馆/自习室、学校/教学楼、办公室/公司、餐厅/食堂,低糖,冷饮,简单,适合困倦、疲劳或无聊、兴奋时选择，主要呈现清爽、茶香、果香，冷热建议为冷饮，同时考虑低糖，咖啡因敏感慎用。,高明度、植物元素、冷色、流动线条,是
R035,蓝莓绿茶,茶果类,绿茶、蓝莓、代糖、冰块,绿茶:基底；蓝莓:风味；代糖:甜度；冰块:辅料,绿茶:中；蓝莓:少；代糖:少；冰块:少,困倦、疲劳、饱腹,无聊、兴奋、开心,清爽、茶香、果香、酸感、甜感,,低糖,图书馆/自习室、学校/教学楼、办公室/公司、餐厅/食堂,低糖,冷饮,简单,适合困倦、疲劳或无聊、兴奋时选择，主要呈现清爽、茶香、果香，冷热建议为冷饮，同时考虑低糖，咖啡因敏感慎用。,高明度、植物元素、冷色、流动线条,是
R036,苹果红茶,茶果类,红茶、苹果、蜂蜜,红茶:基底；苹果:风味；蜂蜜:甜度,红茶:中；苹果:少；蜂蜜:少,困倦、疲劳、饱腹,低落、孤单、开心,清爽、茶香、果香、甜感、苦感,,过敏风险,图书馆/自习室、学校/教学楼、办公室/公司、餐厅/食堂,少糖,热饮,简单,适合困倦、疲劳或低落、孤单时选择，主要呈现清爽、茶香、果香，冷热建议为热饮，同时考虑咖啡因敏感慎用，过敏风险。,暖色、低饱和、柔和线条、高明度,是
R037,玫瑰桂花水,花草类,玫瑰、桂花、蜂蜜,基底:水；玫瑰:风味；桂花:风味；蜂蜜:甜度,玫瑰:中；桂花:少；蜂蜜:少,感觉有点冷、疲劳,低落、孤单、开心,清爽、花香、甜感,,过敏风险,家/宿舍、办公室/公司,少糖,热饮,简单,适合感觉有点冷、疲劳或低落、孤单时选择，主要呈现清爽、花香、甜感，冷热建议为热饮，同时考虑过敏风险。,暖色、低饱和、柔和线条、高明度,是
R038,菊花柠檬水,花草类,菊花、柠檬草、代糖,基底:水；菊花:风味；柠檬草:风味；代糖:甜度,菊花:中；柠檬草:少；代糖:少,感觉有点冷、疲劳,紧张、平静、低落,清爽、果香、花香、甜感,,低糖、过敏风险,家/宿舍、办公室/公司,低糖,热饮,简单,适合感觉有点冷、疲劳或紧张、平静时选择，主要呈现清爽、果香、花香，冷热建议为热饮，同时考虑低糖，过敏风险。,暖色、低饱和、柔和线条、冷色,是
R039,茉莉花白茶,花草类,茉莉花、白茶、代糖,茉莉花:风味；白茶:基底；代糖:甜度,茉莉花:中；白茶:中；代糖:少,困倦、疲劳、饱腹,紧张、平静、低落,清爽、茶香、花香、甜感,,低糖、过敏风险,图书馆/自习室、学校/教学楼、办公室/公司、餐厅/食堂,低糖,热饮,简单,适合困倦、疲劳或紧张、平静时选择，主要呈现清爽、茶香、花香，冷热建议为热饮，同时考虑低糖，咖啡因敏感慎用。,暖色、低饱和、柔和线条、高明度,是
R040,薰衣草洋甘菊水,花草类,薰衣草、洋甘菊、蜂蜜,基底:水；薰衣草:风味；洋甘菊:风味；蜂蜜:甜度,薰衣草:中；洋甘菊:少；蜂蜜:少,感觉有点冷、疲劳,低落、孤单、开心,清爽、花香、甜感,,过敏风险,家/宿舍、办公室/公司,少糖,热饮,简单,适合感觉有点冷、疲劳或低落、孤单时选择，主要呈现清爽、花香、甜感，冷热建议为热饮，同时考虑过敏风险。,暖色、低饱和、柔和线条、冷色,是
R041,洛神花百香果汁,花草类,洛神花、百香果、代糖、冰块,基底:水；洛神花:风味；百香果:风味；代糖:甜度；冰块:辅料,洛神花:中；百香果:少；代糖:少；冰块:少,饱腹、口渴、感觉有点热,无聊、兴奋、开心,清爽、果香、花香、酸感、甜感,,低糖、过敏风险,餐厅/食堂、公园/户外、健身房/运动场、商场/商业街,低糖,冷饮,简单,适合饱腹、口渴或无聊、兴奋时选择，主要呈现清爽、果香、花香，冷热建议为冷饮，同时考虑低糖，过敏风险。,高明度、植物元素、冷色、流动线条,是
R042,薄荷叶青柠,花草类,薄荷叶、青柠、苏打水、冰块,薄荷叶:风味；青柠:风味；苏打水:基底；冰块:辅料,薄荷叶:中；青柠:少；苏打水:中；冰块:少,饱腹、口渴、感觉有点热,无聊、兴奋、开心,清爽、果香、花香、酸感、气泡感,,低糖、过敏风险,餐厅/食堂、公园/户外、健身房/运动场、商场/商业街,低糖,冷饮,简单,适合饱腹、口渴或无聊、兴奋时选择，主要呈现清爽、果香、花香，冷热建议为冷饮，同时考虑低糖，过敏风险。,高明度、植物元素、气泡元素、冷色,是
R043,金银花菊花,花草类,金银花、菊花、代糖,基底:水；金银花:风味；菊花:风味；代糖:甜度,金银花:中；菊花:少；代糖:少,良好、口渴,无聊、平静、开心,清爽、花香、甜感,,低糖、过敏风险,地铁/公交/车站、家/宿舍,低糖,常温,简单,适合良好、口渴或无聊、平静时选择，主要呈现清爽、花香、甜感，冷热建议为常温，同时考虑低糖，过敏风险。,冷色、高明度、低饱和、圆润,是
R044,蝶豆花柠檬,花草类,蝶豆花、柠檬、代糖、冰块,基底:水；蝶豆花:风味；柠檬:风味；代糖:甜度；冰块:辅料,蝶豆花:中；柠檬:少；代糖:少；冰块:少,饱腹、口渴、感觉有点热,无聊、兴奋、开心,清爽、果香、花香、酸感、甜感,,低糖、过敏风险,餐厅/食堂、公园/户外、健身房/运动场、商场/商业街,低糖,冷饮,简单,适合饱腹、口渴或无聊、兴奋时选择，主要呈现清爽、果香、花香，冷热建议为冷饮，同时考虑低糖，过敏风险。,高明度、植物元素、冷色、流动线条,是
R045,荷叶陈皮水,花草类,荷叶、陈皮、代糖,基底:水；荷叶:风味；陈皮:风味；代糖:甜度,荷叶:中；陈皮:少；代糖:少,感觉有点冷、疲劳,紧张、平静、低落,清爽、果香、花香、甜感、苦感,,低糖、过敏风险,家/宿舍、办公室/公司,低糖,热饮,简单,适合感觉有点冷、疲劳或紧张、平静时选择，主要呈现清爽、果香、花香，冷热建议为热饮，同时考虑低糖，过敏风险。,暖色、低饱和、柔和线条、冷色,是
R046,百合桂花水,花草类,百合、桂花、蜂蜜,基底:水；百合:风味；桂花:风味；蜂蜜:甜度,百合:中；桂花:少；蜂蜜:少,感觉有点冷、疲劳,低落、孤单、开心,清爽、花香、甜感,,过敏风险,家/宿舍、办公室/公司,少糖,热饮,简单,适合感觉有点冷、疲劳或低落、孤单时选择，主要呈现清爽、花香、甜感，冷热建议为热饮，同时考虑过敏风险。,暖色、低饱和、柔和线条、高明度,是
R047,迷迭香葡萄柚,花草类,迷迭香、葡萄柚、代糖、冰块,基底:水；迷迭香:风味；葡萄柚:风味；代糖:甜度；冰块:辅料,迷迭香:中；葡萄柚:少；代糖:少；冰块:少,饱腹、口渴、感觉有点热,无聊、兴奋、开心,清爽、果香、花香、酸感、甜感,,低糖、过敏风险,餐厅/食堂、公园/户外、健身房/运动场、商场/商业街,低糖,冷饮,简单,适合饱腹、口渴或无聊、兴奋时选择，主要呈现清爽、果香、花香，冷热建议为冷饮，同时考虑低糖，过敏风险。,高明度、植物元素、冷色、流动线条,是
R048,玫瑰草莓汁,花草类,玫瑰、草莓、代糖、冰块,基底:水；玫瑰:风味；草莓:风味；代糖:甜度；冰块:辅料,玫瑰:中；草莓:少；代糖:少；冰块:少,口渴、感觉有点热、良好,无聊、兴奋、开心,清爽、果香、花香、甜感,,低糖、过敏风险,公园/户外、健身房/运动场、商场/商业街,低糖,冷饮,简单,适合口渴、感觉有点热或无聊、兴奋时选择，主要呈现清爽、果香、花香，冷热建议为冷饮，同时考虑低糖，过敏风险。,高明度、植物元素、冷色、流动线条,是
R049,洋甘菊苹果汁,花草类,洋甘菊、苹果、蜂蜜,基底:水；洋甘菊:风味；苹果:风味；蜂蜜:甜度,洋甘菊:中；苹果:少；蜂蜜:少,感觉有点冷、疲劳、口渴,低落、孤单、开心,清爽、果香、花香、甜感,,低刺激、过敏风险,家/宿舍、办公室/公司,少糖,热饮,简单,适合感觉有点冷、疲劳或低落、孤单时选择，主要呈现清爽、果香、花香，冷热建议为热饮，同时考虑低刺激，过敏风险。,暖色、低饱和、柔和线条、高明度,是
R050,柠檬草橙子汁,花草类,柠檬草、橙子、代糖,基底:水；柠檬草:风味；橙子:风味；代糖:甜度,柠檬草:中；橙子:少；代糖:少,饱腹、良好、口渴,无聊、平静、开心,清爽、果香、花香、酸感、甜感,,低糖、过敏风险,餐厅/食堂、地铁/公交/车站、家/宿舍,低糖,常温,简单,适合饱腹、良好或无聊、平静时选择，主要呈现清爽、果香、花香，冷热建议为常温，同时考虑低糖，过敏风险。,暖色、冷色、高明度、低饱和,是
R051,薄荷叶西瓜汁,花草类,薄荷叶、西瓜、代糖、冰块,基底:水；薄荷叶:风味；西瓜:风味；代糖:甜度；冰块:辅料,薄荷叶:中；西瓜:少；代糖:少；冰块:少,口渴、感觉有点热、良好,无聊、兴奋、开心,清爽、果香、花香、甜感,,低糖、过敏风险,公园/户外、健身房/运动场、商场/商业街,低糖,冷饮,简单,适合口渴、感觉有点热或无聊、兴奋时选择，主要呈现清爽、果香、花香，冷热建议为冷饮，同时考虑低糖，过敏风险。,高明度、植物元素、冷色、流动线条,是
R052,茉莉花荔枝汁,花草类,茉莉花、荔枝、代糖、冰块,基底:水；茉莉花:风味；荔枝:风味；代糖:甜度；冰块:辅料,茉莉花:中；荔枝:少；代糖:少；冰块:少,口渴、感觉有点热、良好,无聊、兴奋、开心,清爽、果香、花香、甜感,,低糖、过敏风险,公园/户外、健身房/运动场、商场/商业街,低糖,冷饮,简单,适合口渴、感觉有点热或无聊、兴奋时选择，主要呈现清爽、果香、花香，冷热建议为冷饮，同时考虑低糖，过敏风险。,高明度、植物元素、冷色、流动线条,是
R053,百合椰子水,花草类,百合、椰子水、代糖,百合:风味；椰子水:基底；代糖:甜度,百合:中；椰子水:中；代糖:少,良好、口渴,无聊、平静、开心,清爽、果香、花香、甜感,,低糖、低刺激、过敏风险,地铁/公交/车站、家/宿舍,低糖,常温,简单,适合良好、口渴或无聊、平静时选择，主要呈现清爽、果香、花香，冷热建议为常温，同时考虑低糖，低刺激。,暖色、冷色、高明度、低饱和,是
R054,菊花蜂蜜水,花草类,菊花、蜂蜜、桂花,基底:水；菊花:风味；蜂蜜:甜度；桂花:风味,菊花:中；蜂蜜:少；桂花:少,感觉有点冷、疲劳,低落、孤单、开心,清爽、花香、甜感,,过敏风险,家/宿舍、办公室/公司,少糖,热饮,简单,适合感觉有点冷、疲劳或低落、孤单时选择，主要呈现清爽、花香、甜感，冷热建议为热饮，同时考虑过敏风险。,暖色、低饱和、柔和线条、冷色,是
R055,薰衣草蓝莓汁,花草类,薰衣草、蓝莓、代糖,基底:水；薰衣草:风味；蓝莓:风味；代糖:甜度,薰衣草:中；蓝莓:少；代糖:少,饱腹、感觉有点冷、疲劳,紧张、平静、低落,清爽、果香、花香、酸感、甜感,,低糖、过敏风险,餐厅/食堂、家/宿舍、办公室/公司,低糖,热饮,简单,适合饱腹、感觉有点冷或紧张、平静时选择，主要呈现清爽、果香、花香，冷热建议为热饮，同时考虑低糖，过敏风险。,暖色、低饱和、柔和线条、冷色,是
R056,陈皮红茶,花草类,陈皮、红茶、蜂蜜,陈皮:风味；红茶:基底；蜂蜜:甜度,陈皮:中；红茶:中；蜂蜜:少,困倦、疲劳、饱腹,低落、孤单、开心,茶香、果香、花香、甜感、苦感,,过敏风险,图书馆/自习室、学校/教学楼、办公室/公司、餐厅/食堂,少糖,热饮,简单,适合困倦、疲劳或低落、孤单时选择，主要呈现茶香、果香、花香，冷热建议为热饮，同时考虑咖啡因敏感慎用，过敏风险。,暖色、低饱和、柔和线条、流动线条,是
R057,红茶牛奶,奶茶类,红茶、牛奶、代糖,红茶:基底；牛奶:基底；代糖:甜度,红茶:中；牛奶:中；代糖:少,困倦、疲劳、饥饿,孤单、低落、开心,清爽、奶香、茶香、甜感、苦感,,低糖、乳糖不耐慎用、过敏风险,图书馆/自习室、学校/教学楼、办公室/公司、咖啡店/奶茶店,低糖,热饮,简单,适合困倦、疲劳或孤单、低落时选择，主要呈现清爽、奶香、茶香，冷热建议为热饮，同时考虑低糖，咖啡因敏感慎用。,圆润、柔和线条、暖色、低饱和,是
R058,伯爵红茶低脂牛奶,奶茶类,伯爵红茶、低脂牛奶、代糖,伯爵红茶:基底；低脂牛奶:基底；代糖:甜度,伯爵红茶:中；低脂牛奶:中；代糖:少,困倦、疲劳、饥饿,孤单、低落、开心,清爽、奶香、茶香、果香、甜感,,低糖、乳糖不耐慎用、过敏风险,图书馆/自习室、学校/教学楼、办公室/公司、咖啡店/奶茶店,低糖,热饮,简单,适合困倦、疲劳或孤单、低落时选择，主要呈现清爽、奶香、茶香，冷热建议为热饮，同时考虑低糖，咖啡因敏感慎用。,圆润、柔和线条、暖色、低饱和,是
R059,绿茶燕麦奶,奶茶类,绿茶、燕麦奶、代糖,绿茶:基底；燕麦奶:基底；代糖:甜度,绿茶:中；燕麦奶:中；代糖:少,困倦、疲劳、饥饿,孤单、低落、开心,清爽、奶香、茶香、甜感、苦感,,低糖、过敏风险,图书馆/自习室、学校/教学楼、办公室/公司、咖啡店/奶茶店,低糖,常温,简单,适合困倦、疲劳或孤单、低落时选择，主要呈现清爽、奶香、茶香，冷热建议为常温，同时考虑低糖，咖啡因敏感慎用。,圆润、柔和线条、暖色、冷色,是
R060,抹茶豆奶,奶茶类,抹茶、豆奶、代糖、冰块,抹茶:基底；豆奶:基底；代糖:甜度；冰块:辅料,抹茶:中；豆奶:中；代糖:少；冰块:少,困倦、疲劳、饥饿,孤单、低落、开心,清爽、奶香、茶香、甜感、苦感,,低糖、过敏风险,图书馆/自习室、学校/教学楼、办公室/公司、咖啡店/奶茶店,低糖,冷饮,简单,适合困倦、疲劳或孤单、低落时选择，主要呈现清爽、奶香、茶香，冷热建议为冷饮，同时考虑低糖，咖啡因敏感慎用。,圆润、柔和线条、冷色、高明度,是
R061,焙茶鲜奶,奶茶类,焙茶、鲜奶、黑糖,焙茶:基底；鲜奶:基底；黑糖:甜度,焙茶:中；鲜奶:中；黑糖:少,困倦、疲劳、饥饿,低落、孤单、开心,奶香、茶香、甜感,,乳糖不耐慎用、过敏风险,图书馆/自习室、学校/教学楼、办公室/公司、咖啡店/奶茶店,少糖,热饮,简单,适合困倦、疲劳或低落、孤单时选择，主要呈现奶香、茶香、咖啡香，冷热建议为热饮，同时考虑咖啡因敏感慎用，乳糖不耐慎用。,圆润、柔和线条、暖色、低饱和,是
R062,玄米茶燕麦奶,奶茶类,玄米茶、燕麦奶、代糖,玄米茶:基底；燕麦奶:基底；代糖:甜度,玄米茶:中；燕麦奶:中；代糖:少,困倦、疲劳、饥饿,孤单、低落、开心,清爽、奶香、茶香、甜感,,低糖、过敏风险,图书馆/自习室、学校/教学楼、办公室/公司、咖啡店/奶茶店,低糖,热饮,简单,适合困倦、疲劳或孤单、低落时选择，主要呈现清爽、奶香、茶香，冷热建议为热饮，同时考虑低糖，咖啡因敏感慎用。,圆润、柔和线条、暖色、低饱和,是
R063,白茶椰奶,奶茶类,白茶、椰奶、桃子、代糖、冰块,白茶:基底；椰奶:基底；桃子:风味；代糖:甜度；冰块:辅料,白茶:中；椰奶:中；桃子:少；代糖:少；冰块:少,困倦、疲劳、饥饿,无聊、兴奋、开心,清爽、奶香、茶香、果香、甜感,,低糖、过敏风险,图书馆/自习室、学校/教学楼、办公室/公司、咖啡店/奶茶店,低糖,冷饮,中等,适合困倦、疲劳或无聊、兴奋时选择，主要呈现清爽、奶香、茶香，冷热建议为冷饮，同时考虑低糖，咖啡因敏感慎用。,圆润、柔和线条、高明度、植物元素,是
R064,乌龙茶杏仁奶,奶茶类,乌龙茶、杏仁奶、代糖,乌龙茶:基底；杏仁奶:口感；代糖:甜度,乌龙茶:中；杏仁奶:少；代糖:少,困倦、疲劳、饥饿,孤单、低落、开心,清爽、奶香、茶香、甜感,,低糖、过敏风险,图书馆/自习室、学校/教学楼、办公室/公司、咖啡店/奶茶店,低糖,常温,简单,适合困倦、疲劳或孤单、低落时选择，主要呈现清爽、奶香、茶香，冷热建议为常温，同时考虑低糖，咖啡因敏感慎用。,圆润、柔和线条、暖色、冷色,是
R065,茉莉绿茶椰乳,奶茶类,茉莉绿茶、椰乳、荔枝、代糖、冰块,茉莉绿茶:基底；椰乳:基底；荔枝:风味；代糖:甜度；冰块:辅料,茉莉绿茶:中；椰乳:中；荔枝:少；代糖:少；冰块:少,困倦、疲劳、饥饿,无聊、兴奋、开心,清爽、奶香、茶香、果香、花香,,低糖、过敏风险,图书馆/自习室、学校/教学楼、办公室/公司、咖啡店/奶茶店,低糖,冷饮,中等,适合困倦、疲劳或无聊、兴奋时选择，主要呈现清爽、奶香、茶香，冷热建议为冷饮，同时考虑低糖，咖啡因敏感慎用。,圆润、柔和线条、高明度、植物元素,是
R066,红茶奶盖,奶茶类,红茶、奶盖、代糖、冰块,红茶:基底；奶盖:口感；代糖:甜度；冰块:辅料,红茶:中；奶盖:少；代糖:少；冰块:少,困倦、疲劳、饥饿,低落、孤单、开心,清爽、奶香、茶香、甜感、苦感,,乳糖不耐慎用、过敏风险,图书馆/自习室、学校/教学楼、办公室/公司、咖啡店/奶茶店,低糖,冷饮,中等,适合困倦、疲劳或低落、孤单时选择，主要呈现清爽、奶香、茶香，冷热建议为冷饮，同时考虑咖啡因敏感慎用，乳糖不耐慎用。,圆润、柔和线条、冷色、高明度,是
R067,伯爵红茶芝士奶盖,奶茶类,伯爵红茶、芝士奶盖、代糖、冰块,伯爵红茶:基底；芝士奶盖:口感；代糖:甜度；冰块:辅料,伯爵红茶:中；芝士奶盖:少；代糖:少；冰块:少,困倦、疲劳、饥饿,低落、孤单、开心,清爽、奶香、茶香、果香、甜感,,乳糖不耐慎用、过敏风险,图书馆/自习室、学校/教学楼、办公室/公司、咖啡店/奶茶店,低糖,冷饮,中等,适合困倦、疲劳或低落、孤单时选择，主要呈现清爽、奶香、茶香，冷热建议为冷饮，同时考虑咖啡因敏感慎用，乳糖不耐慎用。,圆润、柔和线条、冷色、高明度,是
R068,普洱茶鲜奶,奶茶类,普洱茶、鲜奶、代糖,普洱茶:基底；鲜奶:基底；代糖:甜度,普洱茶:中；鲜奶:中；代糖:少,困倦、疲劳、饥饿,孤单、低落、开心,清爽、奶香、茶香、甜感、苦感,,低糖、乳糖不耐慎用、过敏风险,图书馆/自习室、学校/教学楼、办公室/公司、咖啡店/奶茶店,低糖,热饮,简单,适合困倦、疲劳或孤单、低落时选择，主要呈现清爽、奶香、茶香，冷热建议为热饮，同时考虑低糖，咖啡因敏感慎用。,圆润、柔和线条、暖色、低饱和,是
R069,焙茶豆奶,奶茶类,焙茶、豆奶、桂花、代糖,焙茶:基底；豆奶:基底；桂花:风味；代糖:甜度,焙茶:中；豆奶:中；桂花:少；代糖:少,困倦、疲劳、饥饿,孤单、低落、开心,清爽、奶香、茶香、花香,,低糖、过敏风险,图书馆/自习室、学校/教学楼、办公室/公司、咖啡店/奶茶店,低糖,热饮,简单,适合困倦、疲劳或孤单、低落时选择，主要呈现清爽、奶香、茶香，冷热建议为热饮，同时考虑低糖，咖啡因敏感慎用。,圆润、柔和线条、暖色、低饱和,是
R070,抹茶燕麦奶,奶茶类,抹茶、燕麦奶、代糖,抹茶:基底；燕麦奶:基底；代糖:甜度,抹茶:中；燕麦奶:中；代糖:少,困倦、疲劳、饥饿,孤单、低落、开心,清爽、奶香、茶香、甜感、苦感,,低糖、过敏风险,图书馆/自习室、学校/教学楼、办公室/公司、咖啡店/奶茶店,低糖,热饮,简单,适合困倦、疲劳或孤单、低落时选择，主要呈现清爽、奶香、茶香，冷热建议为热饮，同时考虑低糖，咖啡因敏感慎用。,圆润、柔和线条、暖色、低饱和,是
R071,茉莉绿茶低脂牛奶,奶茶类,茉莉绿茶、低脂牛奶、草莓、代糖、冰块,茉莉绿茶:基底；低脂牛奶:基底；草莓:风味；代糖:甜度；冰块:辅料,茉莉绿茶:中；低脂牛奶:中；草莓:少；代糖:少；冰块:少,困倦、疲劳、饥饿,无聊、兴奋、开心,清爽、奶香、茶香、果香、花香,,低糖、乳糖不耐慎用、过敏风险,图书馆/自习室、学校/教学楼、办公室/公司、咖啡店/奶茶店,低糖,冷饮,中等,适合困倦、疲劳或无聊、兴奋时选择，主要呈现清爽、奶香、茶香，冷热建议为冷饮，同时考虑低糖，咖啡因敏感慎用。,圆润、柔和线条、高明度、植物元素,是
R072,白茶酸奶,奶茶类,白茶、酸奶、蓝莓、代糖、冰块,白茶:基底；酸奶:基底；蓝莓:风味；代糖:甜度；冰块:辅料,白茶:中；酸奶:中；蓝莓:少；代糖:少；冰块:少,困倦、疲劳、饥饿,无聊、兴奋、开心,清爽、奶香、茶香、果香、酸感,,低糖、乳糖不耐慎用、过敏风险,图书馆/自习室、学校/教学楼、办公室/公司、咖啡店/奶茶店,低糖,冷饮,中等,适合困倦、疲劳或无聊、兴奋时选择，主要呈现清爽、奶香、茶香，冷热建议为冷饮，同时考虑低糖，咖啡因敏感慎用。,圆润、柔和线条、高明度、植物元素,是
R073,绿茶乳酸菌饮品,奶茶类,绿茶、乳酸菌饮品、柠檬、代糖、冰块,绿茶:基底；乳酸菌饮品:口感；柠檬:风味；代糖:甜度；冰块:辅料,绿茶:中；乳酸菌饮品:少；柠檬:少；代糖:少；冰块:少,困倦、疲劳、饥饿,无聊、兴奋、开心,清爽、奶香、茶香、果香、酸感,,低糖、乳糖不耐慎用、过敏风险,图书馆/自习室、学校/教学楼、办公室/公司、咖啡店/奶茶店,低糖,冷饮,中等,适合困倦、疲劳或无聊、兴奋时选择，主要呈现清爽、奶香、茶香，冷热建议为冷饮，同时考虑低糖，咖啡因敏感慎用。,圆润、柔和线条、高明度、植物元素,是
R074,乌龙茶椰奶,奶茶类,乌龙茶、椰奶、芒果、代糖、冰块,乌龙茶:基底；椰奶:基底；芒果:风味；代糖:甜度；冰块:辅料,乌龙茶:中；椰奶:中；芒果:少；代糖:少；冰块:少,困倦、疲劳、饥饿,无聊、兴奋、开心,清爽、奶香、茶香、果香、甜感,,低糖、过敏风险,图书馆/自习室、学校/教学楼、办公室/公司、咖啡店/奶茶店,低糖,冷饮,中等,适合困倦、疲劳或无聊、兴奋时选择，主要呈现清爽、奶香、茶香，冷热建议为冷饮，同时考虑低糖，咖啡因敏感慎用。,圆润、柔和线条、高明度、植物元素,是
R075,红茶淡奶油,奶茶类,红茶、淡奶油、黑糖,红茶:基底；淡奶油:口感；黑糖:甜度,红茶:中；淡奶油:少；黑糖:少,困倦、疲劳、饥饿,低落、孤单、开心,奶香、茶香、甜感、苦感,,乳糖不耐慎用、过敏风险,图书馆/自习室、学校/教学楼、办公室/公司、咖啡店/奶茶店,少糖,热饮,简单,适合困倦、疲劳或低落、孤单时选择，主要呈现奶香、茶香、甜感，冷热建议为热饮，同时考虑咖啡因敏感慎用，乳糖不耐慎用。,圆润、柔和线条、暖色、低饱和,是
R076,焙茶奶泡,奶茶类,焙茶、奶泡、代糖,焙茶:基底；奶泡:口感；代糖:甜度,焙茶:中；奶泡:少；代糖:少,困倦、疲劳、饥饿,孤单、低落、开心,清爽、奶香、茶香、甜感,,低糖、乳糖不耐慎用、过敏风险,图书馆/自习室、学校/教学楼、办公室/公司、咖啡店/奶茶店,低糖,热饮,简单,适合困倦、疲劳或孤单、低落时选择，主要呈现清爽、奶香、茶香，冷热建议为热饮，同时考虑低糖，咖啡因敏感慎用。,圆润、柔和线条、暖色、低饱和,是
R077,咖啡牛奶,咖啡可可类,咖啡、牛奶、代糖,咖啡:基底；牛奶:基底；代糖:甜度,咖啡:中；牛奶:中；代糖:少,困倦、疲劳、饥饿,孤单、低落、开心,清爽、奶香、咖啡香、甜感、苦感,,低糖、咖啡因敏感慎用、乳糖不耐慎用、过敏风险,图书馆/自习室、学校/教学楼、办公室/公司、咖啡店/奶茶店,低糖,热饮,简单,适合困倦、疲劳或孤单、低落时选择，主要呈现清爽、奶香、咖啡香，冷热建议为热饮，同时考虑低糖，咖啡因敏感慎用。,圆润、柔和线条、暖色、低饱和,是
R078,冷萃咖啡燕麦奶,咖啡可可类,冷萃咖啡、燕麦奶、代糖、冰块,冷萃咖啡:基底；燕麦奶:基底；代糖:甜度；冰块:辅料,冷萃咖啡:中；燕麦奶:中；代糖:少；冰块:少,困倦、疲劳、饥饿,孤单、低落、开心,清爽、奶香、咖啡香、甜感、苦感,,低糖、咖啡因敏感慎用、过敏风险,图书馆/自习室、学校/教学楼、办公室/公司、咖啡店/奶茶店,低糖,冷饮,简单,适合困倦、疲劳或孤单、低落时选择，主要呈现清爽、奶香、咖啡香，冷热建议为冷饮，同时考虑低糖，咖啡因敏感慎用。,圆润、柔和线条、冷色、高明度,是
R079,浓缩咖啡鲜奶,咖啡可可类,浓缩咖啡、鲜奶、代糖,浓缩咖啡:基底；鲜奶:基底；代糖:甜度,浓缩咖啡:中；鲜奶:中；代糖:少,困倦、疲劳、饥饿,孤单、低落、开心,清爽、奶香、咖啡香、甜感、苦感,,低糖、咖啡因敏感慎用、乳糖不耐慎用、过敏风险,图书馆/自习室、学校/教学楼、办公室/公司、咖啡店/奶茶店,低糖,热饮,简单,适合困倦、疲劳或孤单、低落时选择，主要呈现清爽、奶香、咖啡香，冷热建议为热饮，同时考虑低糖，咖啡因敏感慎用。,圆润、柔和线条、暖色、低饱和,是
R080,低因咖啡豆奶,咖啡可可类,低因咖啡、豆奶、代糖,低因咖啡:基底；豆奶:基底；代糖:甜度,低因咖啡:中；豆奶:中；代糖:少,困倦、疲劳、饥饿,孤单、低落、开心,清爽、奶香、咖啡香、甜感、苦感,,低糖、咖啡因敏感慎用、过敏风险,图书馆/自习室、学校/教学楼、办公室/公司、咖啡店/奶茶店,低糖,常温,简单,适合困倦、疲劳或孤单、低落时选择，主要呈现清爽、奶香、咖啡香，冷热建议为常温，同时考虑低糖，咖啡因敏感慎用。,圆润、柔和线条、暖色、高明度,是
R081,美式咖啡液橙子,咖啡可可类,美式咖啡液、橙子、代糖、冰块,美式咖啡液:基底；橙子:风味；代糖:甜度；冰块:辅料,美式咖啡液:中；橙子:少；代糖:少；冰块:少,困倦、疲劳、饱腹,无聊、兴奋、开心,清爽、果香、咖啡香、酸感、甜感,,低糖、咖啡因敏感慎用,图书馆/自习室、学校/教学楼、办公室/公司、餐厅/食堂,低糖,冷饮,简单,适合困倦、疲劳或无聊、兴奋时选择，主要呈现清爽、果香、咖啡香，冷热建议为冷饮，同时考虑低糖，咖啡因敏感慎用。,高明度、植物元素、冷色、流动线条,是
R082,咖啡椰乳,咖啡可可类,咖啡、椰乳、黑糖,咖啡:基底；椰乳:基底；黑糖:甜度,咖啡:中；椰乳:中；黑糖:少,困倦、疲劳、饥饿,低落、孤单、开心,奶香、果香、咖啡香、甜感、苦感,,咖啡因敏感慎用、过敏风险,图书馆/自习室、学校/教学楼、办公室/公司、咖啡店/奶茶店,少糖,热饮,简单,适合困倦、疲劳或低落、孤单时选择，主要呈现奶香、果香、咖啡香，冷热建议为热饮，同时考虑咖啡因敏感慎用，过敏风险。,圆润、柔和线条、暖色、低饱和,是
R083,冷萃咖啡椰子水,咖啡可可类,冷萃咖啡、椰子水、代糖、冰块,冷萃咖啡:基底；椰子水:基底；代糖:甜度；冰块:辅料,冷萃咖啡:中；椰子水:中；代糖:少；冰块:少,困倦、疲劳、口渴,无聊、兴奋、开心,清爽、果香、咖啡香、甜感、苦感,,低糖、咖啡因敏感慎用,图书馆/自习室、学校/教学楼、办公室/公司、公园/户外,低糖,冷饮,简单,适合困倦、疲劳或无聊、兴奋时选择，主要呈现清爽、果香、咖啡香，冷热建议为冷饮，同时考虑低糖，咖啡因敏感慎用。,高明度、植物元素、冷色、流动线条,是
R084,低因咖啡杏仁奶,咖啡可可类,低因咖啡、杏仁奶、代糖,低因咖啡:基底；杏仁奶:口感；代糖:甜度,低因咖啡:中；杏仁奶:少；代糖:少,困倦、疲劳、饥饿,孤单、低落、开心,清爽、奶香、咖啡香、甜感、苦感,,低糖、咖啡因敏感慎用、过敏风险,图书馆/自习室、学校/教学楼、办公室/公司、咖啡店/奶茶店,低糖,热饮,简单,适合困倦、疲劳或孤单、低落时选择，主要呈现清爽、奶香、咖啡香，冷热建议为热饮，同时考虑低糖，咖啡因敏感慎用。,圆润、柔和线条、暖色、低饱和,是
R085,浓缩咖啡燕麦奶,咖啡可可类,浓缩咖啡、燕麦奶、可可粉、代糖,浓缩咖啡:基底；燕麦奶:基底；可可粉:风味；代糖:甜度,浓缩咖啡:中；燕麦奶:中；可可粉:少；代糖:少,困倦、疲劳、饥饿,低落、孤单、开心,清爽、奶香、咖啡香、甜感、苦感,,低糖、咖啡因敏感慎用、过敏风险,图书馆/自习室、学校/教学楼、办公室/公司、咖啡店/奶茶店,低糖,热饮,简单,适合困倦、疲劳或低落、孤单时选择，主要呈现清爽、奶香、咖啡香，冷热建议为热饮，同时考虑低糖，咖啡因敏感慎用。,圆润、柔和线条、暖色、低饱和,是
R086,咖啡冻牛奶,咖啡可可类,咖啡冻、牛奶、黑糖、冰块,咖啡冻:基底；牛奶:基底；黑糖:甜度；冰块:辅料,咖啡冻:中；牛奶:中；黑糖:少；冰块:少,困倦、疲劳、饥饿,低落、孤单、开心,清爽、奶香、咖啡香、甜感、苦感,,咖啡因敏感慎用、乳糖不耐慎用、过敏风险,图书馆/自习室、学校/教学楼、办公室/公司、咖啡店/奶茶店,少糖,冷饮,中等,适合困倦、疲劳或低落、孤单时选择，主要呈现清爽、奶香、咖啡香，冷热建议为冷饮，同时考虑咖啡因敏感慎用，乳糖不耐慎用。,圆润、柔和线条、冷色、高明度,是
R087,可可粉牛奶,咖啡可可类,可可粉、牛奶、代糖,可可粉:风味；牛奶:基底；代糖:甜度,可可粉:中；牛奶:中；代糖:少,饥饿、疲劳、感觉有点冷,低落、孤单、开心,清爽、奶香、甜感、苦感,,低糖、乳糖不耐慎用、过敏风险,咖啡店/奶茶店、家/宿舍、商场/商业街、办公室/公司,低糖,热饮,简单,适合饥饿、疲劳或低落、孤单时选择，主要呈现清爽、奶香、甜感，冷热建议为热饮，同时考虑低糖，咖啡因敏感慎用。,圆润、柔和线条、暖色、低饱和,是
R088,黑巧燕麦奶,咖啡可可类,黑巧、燕麦奶、代糖,黑巧:风味；燕麦奶:基底；代糖:甜度,黑巧:中；燕麦奶:中；代糖:少,饥饿、疲劳、感觉有点冷,低落、孤单、开心,清爽、奶香、甜感、苦感,,低糖、过敏风险,咖啡店/奶茶店、家/宿舍、商场/商业街、办公室/公司,低糖,热饮,简单,适合饥饿、疲劳或低落、孤单时选择，主要呈现清爽、奶香、甜感，冷热建议为热饮，同时考虑低糖，咖啡因敏感慎用。,圆润、柔和线条、暖色、低饱和,是
R089,可可粉豆奶,咖啡可可类,可可粉、豆奶、蓝莓、代糖、冰块,可可粉:风味；豆奶:基底；蓝莓:风味；代糖:甜度；冰块:辅料,可可粉:中；豆奶:中；蓝莓:少；代糖:少；冰块:少,饥饿、疲劳、饱腹,无聊、兴奋、开心,清爽、奶香、果香、酸感、甜感,,低糖、过敏风险,咖啡店/奶茶店、家/宿舍、商场/商业街、餐厅/食堂,低糖,冷饮,中等,适合饥饿、疲劳或无聊、兴奋时选择，主要呈现清爽、奶香、果香，冷热建议为冷饮，同时考虑低糖，咖啡因敏感慎用。,圆润、柔和线条、高明度、植物元素,是
R090,黑巧椰乳,咖啡可可类,黑巧、椰乳、草莓、代糖、冰块,黑巧:风味；椰乳:基底；草莓:风味；代糖:甜度；冰块:辅料,黑巧:中；椰乳:中；草莓:少；代糖:少；冰块:少,饥饿、疲劳、口渴,无聊、兴奋、开心,清爽、奶香、果香、甜感、苦感,,低糖、过敏风险,咖啡店/奶茶店、家/宿舍、商场/商业街、公园/户外,低糖,冷饮,中等,适合饥饿、疲劳或无聊、兴奋时选择，主要呈现清爽、奶香、果香，冷热建议为冷饮，同时考虑低糖，咖啡因敏感慎用。,圆润、柔和线条、高明度、植物元素,是
R091,低因咖啡椰奶,咖啡可可类,低因咖啡、椰奶、桂花、代糖,低因咖啡:基底；椰奶:基底；桂花:风味；代糖:甜度,低因咖啡:中；椰奶:中；桂花:少；代糖:少,困倦、疲劳、饥饿,孤单、低落、开心,清爽、奶香、果香、花香、咖啡香,,低糖、咖啡因敏感慎用、过敏风险,图书馆/自习室、学校/教学楼、办公室/公司、咖啡店/奶茶店,低糖,热饮,简单,适合困倦、疲劳或孤单、低落时选择，主要呈现清爽、奶香、果香，冷热建议为热饮，同时考虑低糖，咖啡因敏感慎用。,圆润、柔和线条、暖色、低饱和,是
R092,柠檬薄荷叶气泡饮,气泡果饮类,气泡水、柠檬、薄荷叶、代糖、冰块,气泡水:基底；柠檬:风味；薄荷叶:风味；代糖:甜度；冰块:辅料,气泡水:中；柠檬:少；薄荷叶:少；代糖:少；冰块:少,饱腹、口渴、感觉有点热,无聊、兴奋、开心,清爽、果香、花香、酸感、气泡感,,低糖、过敏风险,餐厅/食堂、公园/户外、健身房/运动场、商场/商业街,低糖,冷饮,中等,适合饱腹、口渴或无聊、兴奋时选择，主要呈现清爽、果香、花香，冷热建议为冷饮，同时考虑低糖，过敏风险。,高明度、植物元素、气泡元素、冷色,是
R093,青柠百香果气泡饮,气泡果饮类,气泡水、青柠、百香果、代糖、冰块,气泡水:基底；青柠:风味；百香果:风味；代糖:甜度；冰块:辅料,气泡水:中；青柠:少；百香果:少；代糖:少；冰块:少,饱腹、口渴、感觉有点热,无聊、兴奋、开心,清爽、果香、酸感、甜感、气泡感,,低糖,餐厅/食堂、公园/户外、健身房/运动场、商场/商业街,低糖,冷饮,中等,适合饱腹、口渴或无聊、兴奋时选择，主要呈现清爽、果香、酸感，冷热建议为冷饮，同时考虑低糖。,高明度、植物元素、气泡元素、冷色,是
R094,葡萄柚迷迭香气泡饮,气泡果饮类,苏打水、葡萄柚、迷迭香、代糖、冰块,苏打水:基底；葡萄柚:风味；迷迭香:风味；代糖:甜度；冰块:辅料,苏打水:中；葡萄柚:少；迷迭香:少；代糖:少；冰块:少,饱腹、口渴、感觉有点热,无聊、兴奋、开心,清爽、果香、花香、甜感、气泡感,,低糖、过敏风险,餐厅/食堂、公园/户外、健身房/运动场、商场/商业街,低糖,冷饮,中等,适合饱腹、口渴或无聊、兴奋时选择，主要呈现清爽、果香、花香，冷热建议为冷饮，同时考虑低糖，过敏风险。,高明度、植物元素、气泡元素、冷色,是
R095,橙子洛神花气泡饮,气泡果饮类,气泡水、橙子、洛神花、代糖、冰块,气泡水:基底；橙子:风味；洛神花:风味；代糖:甜度；冰块:辅料,气泡水:中；橙子:少；洛神花:少；代糖:少；冰块:少,饱腹、口渴、感觉有点热,无聊、兴奋、开心,清爽、果香、花香、甜感、气泡感,,低糖、过敏风险,餐厅/食堂、公园/户外、健身房/运动场、商场/商业街,低糖,冷饮,中等,适合饱腹、口渴或无聊、兴奋时选择，主要呈现清爽、果香、花香，冷热建议为冷饮，同时考虑低糖，过敏风险。,高明度、植物元素、气泡元素、冷色,是
R096,草莓薄荷叶气泡饮,气泡果饮类,苏打水、草莓、薄荷叶、代糖、冰块,苏打水:基底；草莓:风味；薄荷叶:风味；代糖:甜度；冰块:辅料,苏打水:中；草莓:少；薄荷叶:少；代糖:少；冰块:少,口渴、感觉有点热、良好,无聊、兴奋、开心,清爽、果香、花香、甜感、气泡感,,低糖、过敏风险,公园/户外、健身房/运动场、商场/商业街、地铁/公交/车站,低糖,冷饮,中等,适合口渴、感觉有点热或无聊、兴奋时选择，主要呈现清爽、果香、花香，冷热建议为冷饮，同时考虑低糖，过敏风险。,高明度、植物元素、气泡元素、冷色,是
R097,蓝莓柠檬草气泡饮,气泡果饮类,气泡水、蓝莓、柠檬草、代糖、冰块,气泡水:基底；蓝莓:风味；柠檬草:风味；代糖:甜度；冰块:辅料,气泡水:中；蓝莓:少；柠檬草:少；代糖:少；冰块:少,饱腹、口渴、感觉有点热,无聊、兴奋、开心,清爽、果香、花香、酸感、甜感、气泡感,,低糖、过敏风险,餐厅/食堂、公园/户外、健身房/运动场、商场/商业街,低糖,冷饮,中等,适合饱腹、口渴或无聊、兴奋时选择，主要呈现清爽、果香、花香，冷热建议为冷饮，同时考虑低糖，过敏风险。,高明度、植物元素、气泡元素、冷色,是
R098,葡萄蝶豆花气泡饮,气泡果饮类,苏打水、葡萄、蝶豆花、代糖、冰块,苏打水:基底；葡萄:风味；蝶豆花:风味；代糖:甜度；冰块:辅料,苏打水:中；葡萄:少；蝶豆花:少；代糖:少；冰块:少,口渴、感觉有点热、良好,无聊、兴奋、开心,清爽、果香、花香、甜感、气泡感,,低糖、过敏风险,公园/户外、健身房/运动场、商场/商业街、地铁/公交/车站,低糖,冷饮,中等,适合口渴、感觉有点热或无聊、兴奋时选择，主要呈现清爽、果香、花香，冷热建议为冷饮，同时考虑低糖，过敏风险。,高明度、植物元素、气泡元素、冷色,是
R099,桃子茉莉花气泡饮,气泡果饮类,气泡水、桃子、茉莉花、代糖、冰块,气泡水:基底；桃子:风味；茉莉花:风味；代糖:甜度；冰块:辅料,气泡水:中；桃子:少；茉莉花:少；代糖:少；冰块:少,口渴、感觉有点热、良好,无聊、兴奋、开心,清爽、果香、花香、甜感、气泡感,,低糖、过敏风险,公园/户外、健身房/运动场、商场/商业街、地铁/公交/车站,低糖,冷饮,中等,适合口渴、感觉有点热或无聊、兴奋时选择，主要呈现清爽、果香、花香，冷热建议为冷饮，同时考虑低糖，过敏风险。,高明度、植物元素、气泡元素、冷色,是
R100,芒果青柠气泡饮,气泡果饮类,苏打水、芒果、青柠、代糖、冰块,苏打水:基底；芒果:风味；青柠:风味；代糖:甜度；冰块:辅料,苏打水:中；芒果:少；青柠:少；代糖:少；冰块:少,饱腹、口渴、感觉有点热,无聊、兴奋、开心,清爽、果香、酸感、甜感、气泡感,,低糖,餐厅/食堂、公园/户外、健身房/运动场、商场/商业街,低糖,冷饮,中等,适合饱腹、口渴或无聊、兴奋时选择，主要呈现清爽、果香、酸感，冷热建议为冷饮，同时考虑低糖。,高明度、植物元素、气泡元素、冷色,是
R101,菠萝薄荷叶气泡饮,气泡果饮类,气泡水、菠萝、薄荷叶、代糖、冰块,气泡水:基底；菠萝:风味；薄荷叶:风味；代糖:甜度；冰块:辅料,气泡水:中；菠萝:少；薄荷叶:少；代糖:少；冰块:少,饱腹、口渴、感觉有点热,无聊、兴奋、开心,清爽、果香、花香、酸感、甜感、气泡感,,低糖、过敏风险,餐厅/食堂、公园/户外、健身房/运动场、商场/商业街,低糖,冷饮,中等,适合饱腹、口渴或无聊、兴奋时选择，主要呈现清爽、果香、花香，冷热建议为冷饮，同时考虑低糖，过敏风险。,高明度、植物元素、气泡元素、冷色,是
R102,苹果陈皮气泡饮,气泡果饮类,苏打水、苹果、陈皮、代糖、冰块,苏打水:基底；苹果:风味；陈皮:风味；代糖:甜度；冰块:辅料,苏打水:中；苹果:少；陈皮:少；代糖:少；冰块:少,口渴、感觉有点热、良好,无聊、兴奋、开心,清爽、果香、花香、甜感、苦感、气泡感,,低糖、过敏风险,公园/户外、健身房/运动场、商场/商业街、地铁/公交/车站,低糖,冷饮,中等,适合口渴、感觉有点热或无聊、兴奋时选择，主要呈现清爽、果香、花香，冷热建议为冷饮，同时考虑低糖，过敏风险。,高明度、植物元素、气泡元素、冷色,是
R103,荔枝玫瑰气泡饮,气泡果饮类,气泡水、荔枝、玫瑰、代糖、冰块,气泡水:基底；荔枝:风味；玫瑰:风味；代糖:甜度；冰块:辅料,气泡水:中；荔枝:少；玫瑰:少；代糖:少；冰块:少,口渴、感觉有点热、良好,无聊、兴奋、开心,清爽、果香、花香、甜感、气泡感,,低糖、过敏风险,公园/户外、健身房/运动场、商场/商业街、地铁/公交/车站,低糖,冷饮,中等,适合口渴、感觉有点热或无聊、兴奋时选择，主要呈现清爽、果香、花香，冷热建议为冷饮，同时考虑低糖，过敏风险。,高明度、植物元素、气泡元素、冷色,是
R104,椰子水西瓜气泡饮,气泡果饮类,苏打水、椰子水、西瓜、代糖、冰块,苏打水:基底；椰子水:基底；西瓜:风味；代糖:甜度；冰块:辅料,苏打水:中；椰子水:中；西瓜:少；代糖:少；冰块:少,口渴、感觉有点热、良好,无聊、兴奋、开心,清爽、果香、甜感、气泡感,,低糖,公园/户外、健身房/运动场、商场/商业街、地铁/公交/车站,低糖,冷饮,中等,适合口渴、感觉有点热或无聊、兴奋时选择，主要呈现清爽、果香、甜感，冷热建议为冷饮，同时考虑低糖。,高明度、植物元素、气泡元素、冷色,是
R105,百香果柠檬草气泡饮,气泡果饮类,气泡水、百香果、柠檬草、代糖、冰块,气泡水:基底；百香果:风味；柠檬草:风味；代糖:甜度；冰块:辅料,气泡水:中；百香果:少；柠檬草:少；代糖:少；冰块:少,饱腹、口渴、感觉有点热,无聊、兴奋、开心,清爽、果香、花香、酸感、甜感、气泡感,,低糖、过敏风险,餐厅/食堂、公园/户外、健身房/运动场、商场/商业街,低糖,冷饮,中等,适合饱腹、口渴或无聊、兴奋时选择，主要呈现清爽、果香、花香，冷热建议为冷饮，同时考虑低糖，过敏风险。,高明度、植物元素、气泡元素、冷色,是
R106,西瓜薄荷叶气泡饮,气泡果饮类,苏打水、西瓜、薄荷叶、代糖、冰块,苏打水:基底；西瓜:风味；薄荷叶:风味；代糖:甜度；冰块:辅料,苏打水:中；西瓜:少；薄荷叶:少；代糖:少；冰块:少,口渴、感觉有点热、良好,无聊、兴奋、开心,清爽、果香、花香、甜感、气泡感,,低糖、过敏风险,公园/户外、健身房/运动场、商场/商业街、地铁/公交/车站,低糖,冷饮,中等,适合口渴、感觉有点热或无聊、兴奋时选择，主要呈现清爽、果香、花香，冷热建议为冷饮，同时考虑低糖，过敏风险。,高明度、植物元素、气泡元素、冷色,是
R107,椰子水西瓜,复合饮品类,椰子水、西瓜、代糖、冰块,椰子水:基底；西瓜:风味；代糖:甜度；冰块:辅料,椰子水:中；西瓜:少；代糖:少；冰块:少,口渴、感觉有点热、良好,无聊、兴奋、开心,清爽、果香、甜感,,低糖、低刺激,公园/户外、健身房/运动场、商场/商业街,低糖,冷饮,简单,适合口渴、感觉有点热或无聊、兴奋时选择，主要呈现清爽、果香、甜感，冷热建议为冷饮，同时考虑低糖，低刺激。,高明度、植物元素、冷色、流动线条,是
R108,椰子水菠萝,复合饮品类,椰子水、菠萝、青柠、代糖、冰块,椰子水:基底；菠萝:风味；青柠:风味；代糖:甜度；冰块:辅料,椰子水:中；菠萝:少；青柠:少；代糖:少；冰块:少,饱腹、口渴、感觉有点热,无聊、兴奋、开心,清爽、果香、酸感、甜感,,低糖,餐厅/食堂、公园/户外、健身房/运动场、商场/商业街,低糖,冷饮,中等,适合饱腹、口渴或无聊、兴奋时选择，主要呈现清爽、果香、酸感，冷热建议为冷饮，同时考虑低糖。,高明度、植物元素、冷色、流动线条,是
R109,酸奶草莓,复合饮品类,酸奶、草莓、蓝莓、代糖、冰块,酸奶:基底；草莓:风味；蓝莓:风味；代糖:甜度；冰块:辅料,酸奶:中；草莓:少；蓝莓:少；代糖:少；冰块:少,饥饿、疲劳、饱腹,无聊、兴奋、开心,清爽、奶香、果香、酸感、甜感,,低糖、乳糖不耐慎用、过敏风险,咖啡店/奶茶店、家/宿舍、商场/商业街、餐厅/食堂,低糖,冷饮,中等,适合饥饿、疲劳或无聊、兴奋时选择，主要呈现清爽、奶香、果香，冷热建议为冷饮，同时考虑低糖，乳糖不耐慎用。,圆润、柔和线条、高明度、植物元素,是
R110,酸奶芒果,复合饮品类,酸奶、芒果、代糖、冰块,酸奶:基底；芒果:风味；代糖:甜度；冰块:辅料,酸奶:中；芒果:少；代糖:少；冰块:少,饥饿、疲劳、饱腹,无聊、兴奋、开心,清爽、奶香、果香、酸感、甜感,,低糖、乳糖不耐慎用、过敏风险,咖啡店/奶茶店、家/宿舍、商场/商业街、餐厅/食堂,低糖,冷饮,简单,适合饥饿、疲劳或无聊、兴奋时选择，主要呈现清爽、奶香、果香，冷热建议为冷饮，同时考虑低糖，乳糖不耐慎用。,圆润、柔和线条、高明度、植物元素,是
R111,豆奶苹果,复合饮品类,豆奶、苹果、桂花、代糖,豆奶:基底；苹果:风味；桂花:风味；代糖:甜度,豆奶:中；苹果:少；桂花:少；代糖:少,饥饿、疲劳、感觉有点冷,孤单、低落、开心,清爽、奶香、果香、花香、甜感,,低糖、低刺激、过敏风险,咖啡店/奶茶店、家/宿舍、商场/商业街、办公室/公司,低糖,热饮,简单,适合饥饿、疲劳或孤单、低落时选择，主要呈现清爽、奶香、果香，冷热建议为热饮，同时考虑低糖，低刺激。,圆润、柔和线条、暖色、低饱和,是
R112,燕麦奶桃子,复合饮品类,燕麦奶、桃子、代糖,燕麦奶:基底；桃子:风味；代糖:甜度,燕麦奶:中；桃子:少；代糖:少,饥饿、疲劳、感觉有点冷,孤单、低落、开心,清爽、奶香、果香、甜感,,低糖、低刺激、过敏风险,咖啡店/奶茶店、家/宿舍、商场/商业街、办公室/公司,低糖,热饮,简单,适合饥饿、疲劳或孤单、低落时选择，主要呈现清爽、奶香、果香，冷热建议为热饮，同时考虑低糖，低刺激。,圆润、柔和线条、暖色、低饱和,是
R113,椰奶荔枝,复合饮品类,椰奶、荔枝、代糖、冰块,椰奶:基底；荔枝:风味；代糖:甜度；冰块:辅料,椰奶:中；荔枝:少；代糖:少；冰块:少,饥饿、疲劳、口渴,无聊、兴奋、开心,清爽、奶香、果香、甜感,,低糖、过敏风险,咖啡店/奶茶店、家/宿舍、商场/商业街、公园/户外,低糖,冷饮,简单,适合饥饿、疲劳或无聊、兴奋时选择，主要呈现清爽、奶香、果香，冷热建议为冷饮，同时考虑低糖，过敏风险。,圆润、柔和线条、高明度、植物元素,是
R114,杏仁奶可可粉,复合饮品类,杏仁奶、可可粉、代糖,基底:杏仁奶；可可粉:风味；代糖:甜度,杏仁奶:中；可可粉:少；代糖:少,饥饿、疲劳、感觉有点冷,低落、孤单、开心,清爽、奶香、甜感、苦感,,低糖、过敏风险,咖啡店/奶茶店、家/宿舍、商场/商业街、办公室/公司,低糖,热饮,简单,适合饥饿、疲劳或低落、孤单时选择，主要呈现清爽、奶香、甜感，冷热建议为热饮，同时考虑低糖，咖啡因敏感慎用。,圆润、柔和线条、暖色、低饱和,是
R115,乳酸菌饮品葡萄柚,复合饮品类,乳酸菌饮品、葡萄柚、代糖、冰块,基底:乳酸菌饮品；葡萄柚:风味；代糖:甜度；冰块:辅料,乳酸菌饮品:中；葡萄柚:少；代糖:少；冰块:少,饥饿、疲劳、饱腹,无聊、兴奋、开心,清爽、奶香、果香、酸感、甜感,,低糖、乳糖不耐慎用、过敏风险,咖啡店/奶茶店、家/宿舍、商场/商业街、餐厅/食堂,低糖,冷饮,简单,适合饥饿、疲劳或无聊、兴奋时选择，主要呈现清爽、奶香、果香，冷热建议为冷饮，同时考虑低糖，乳糖不耐慎用。,圆润、柔和线条、高明度、植物元素,是
R116,椰乳百合,复合饮品类,椰乳、百合、蜂蜜,椰乳:基底；百合:风味；蜂蜜:甜度,椰乳:中；百合:少；蜂蜜:少,饥饿、疲劳、感觉有点冷,低落、孤单、开心,清爽、奶香、果香、花香、甜感,,过敏风险,咖啡店/奶茶店、家/宿舍、商场/商业街、办公室/公司,少糖,热饮,简单,适合饥饿、疲劳或低落、孤单时选择，主要呈现清爽、奶香、果香，冷热建议为热饮，同时考虑过敏风险。,圆润、柔和线条、暖色、低饱和,是
R117,牛奶玫瑰,复合饮品类,牛奶、玫瑰、蜂蜜,牛奶:基底；玫瑰:风味；蜂蜜:甜度,牛奶:中；玫瑰:少；蜂蜜:少,饥饿、疲劳、感觉有点冷,低落、孤单、开心,清爽、奶香、花香、甜感,,乳糖不耐慎用、过敏风险,咖啡店/奶茶店、家/宿舍、商场/商业街、办公室/公司,少糖,热饮,简单,适合饥饿、疲劳或低落、孤单时选择，主要呈现清爽、奶香、花香，冷热建议为热饮，同时考虑乳糖不耐慎用，过敏风险。,圆润、柔和线条、暖色、低饱和,是
R118,低脂牛奶蓝莓,复合饮品类,低脂牛奶、蓝莓、代糖、冰块,低脂牛奶:基底；蓝莓:风味；代糖:甜度；冰块:辅料,低脂牛奶:中；蓝莓:少；代糖:少；冰块:少,饥饿、疲劳、饱腹,无聊、兴奋、开心,清爽、奶香、果香、酸感、甜感,,低糖、乳糖不耐慎用、过敏风险,咖啡店/奶茶店、家/宿舍、商场/商业街、餐厅/食堂,低糖,冷饮,简单,适合饥饿、疲劳或无聊、兴奋时选择，主要呈现清爽、奶香、果香，冷热建议为冷饮，同时考虑低糖，乳糖不耐慎用。,圆润、柔和线条、高明度、植物元素,是
R119,椰子水橙子,复合饮品类,椰子水、橙子、柠檬草、代糖,椰子水:基底；橙子:风味；柠檬草:风味；代糖:甜度,椰子水:中；橙子:少；柠檬草:少；代糖:少,饱腹、良好、口渴,无聊、平静、开心,清爽、果香、花香、酸感、甜感,,低糖、过敏风险,餐厅/食堂、地铁/公交/车站、家/宿舍,低糖,常温,简单,适合饱腹、良好或无聊、平静时选择，主要呈现清爽、果香、花香，冷热建议为常温，同时考虑低糖，过敏风险。,暖色、冷色、高明度、低饱和,是
R120,燕麦奶黑巧,复合饮品类,燕麦奶、黑巧、代糖,燕麦奶:基底；黑巧:风味；代糖:甜度,燕麦奶:中；黑巧:少；代糖:少,饥饿、疲劳、感觉有点冷,低落、孤单、开心,清爽、奶香、甜感、苦感,,低糖、过敏风险,咖啡店/奶茶店、家/宿舍、商场/商业街、办公室/公司,低糖,热饮,简单,适合饥饿、疲劳或低落、孤单时选择，主要呈现清爽、奶香、甜感，冷热建议为热饮，同时考虑低糖，咖啡因敏感慎用。,圆润、柔和线条、暖色、低饱和,是
